<rss version="2.0" xmlns:atom="http://www.w3.org/2005/Atom">
  <channel>
    <title>Nancynesia – Selamat Datang</title>
    <link>https://nancynesia.com/</link>
    <description>Recent content in Selamat Datang on Nancynesia</description>
    <generator>Hugo -- gohugo.io</generator>
    <language>en-us</language>
    <lastBuildDate>Fri, 13 Dec 2024 00:00:00 +0000</lastBuildDate>
    
	  <atom:link href="https://nancynesia.com/index.xml" rel="self" type="application/rss+xml" />
    
    
      
      
    
    
    <item>
      <title>Instalasti Lab DVWA</title>
      <link>https://nancynesia.com/blog/instalasi-lab-dvwa/</link>
      <pubDate>Fri, 13 Dec 2024 00:00:00 +0000</pubDate>
      
      <guid>https://nancynesia.com/blog/instalasi-lab-dvwa/</guid>
      <description>
        
        
        &lt;h2&gt;Apa itu DVWA?&lt;span class=&#34;hx-absolute -hx-mt-20&#34; id=&#34;apa-itu-dvwa&#34;&gt;&lt;/span&gt;
    &lt;a href=&#34;#apa-itu-dvwa&#34; class=&#34;subheading-anchor&#34; aria-label=&#34;Permalink for this section&#34;&gt;&lt;/a&gt;&lt;/h2&gt;&lt;p&gt;DVWA atau Damn Vulnerable Web Application, merupakan web yang memang sengaja dibuat rentan untuk tujuan praktik hacking. Hacker pemula bisa belajar disini untuk menguji kemampuanya dengan mengeksplorasi kerentanan yang ada.&lt;/p&gt;
&lt;h2&gt;Tujuan DVWA&lt;span class=&#34;hx-absolute -hx-mt-20&#34; id=&#34;tujuan-dvwa&#34;&gt;&lt;/span&gt;
    &lt;a href=&#34;#tujuan-dvwa&#34; class=&#34;subheading-anchor&#34; aria-label=&#34;Permalink for this section&#34;&gt;&lt;/a&gt;&lt;/h2&gt;&lt;p&gt;Tujuanya adalah untuk membuat area praktik hacking yang legal, karena web ini memang dengan sengaja dibuat untuk kebutuhan praktik cybersecurity. DVWA sendiri dibuat dengan berbagai macam tingkat kesulitan yang bisa di pilih saat didalam web nantinya.&lt;/p&gt;
&lt;h2&gt;Cara Instalasi DVWA dengan Docker:&lt;span class=&#34;hx-absolute -hx-mt-20&#34; id=&#34;cara-instalasi-dvwa-dengan-docker&#34;&gt;&lt;/span&gt;
    &lt;a href=&#34;#cara-instalasi-dvwa-dengan-docker&#34; class=&#34;subheading-anchor&#34; aria-label=&#34;Permalink for this section&#34;&gt;&lt;/a&gt;&lt;/h2&gt;&lt;ol&gt;
&lt;li&gt;
&lt;p&gt;&lt;strong&gt;Install Docker&lt;/strong&gt; terlebih dahulu jika belum terpasang. Langkahnya instalasi bisa ke web official &lt;a href=&#34;https://www.docker.com/&#34; target=&#34;_blank&#34; rel=&#34;noopener&#34;&gt;Docker&lt;/a&gt;&lt;/p&gt;
&lt;/li&gt;
&lt;li&gt;
&lt;p&gt;&lt;strong&gt;Clone repository DVWA&lt;/strong&gt;:&lt;/p&gt;
&lt;div class=&#34;hextra-code-block hx-relative hx-mt-6 first:hx-mt-0 hx-group/code&#34;&gt;
  

&lt;pre&gt;&lt;code&gt;git clone https://github.com/digininja/DVWA.git&lt;/code&gt;&lt;/pre&gt;&lt;div class=&#34;hextra-code-copy-btn-container hx-opacity-0 hx-transition group-hover/code:hx-opacity-100 hx-flex hx-gap-1 hx-absolute hx-m-[11px] hx-right-0 hx-top-0&#34;&gt;
  &lt;button
    class=&#34;hextra-code-copy-btn hx-group/copybtn hx-transition-all active:hx-opacity-50 hx-bg-primary-700/5 hx-border hx-border-black/5 hx-text-gray-600 hover:hx-text-gray-900 hx-rounded-md hx-p-1.5 dark:hx-bg-primary-300/10 dark:hx-border-white/10 dark:hx-text-gray-400 dark:hover:hx-text-gray-50&#34;
    title=&#34;Copy code&#34;
  &gt;
    &lt;div class=&#34;copy-icon group-[.copied]/copybtn:hx-hidden hx-pointer-events-none hx-h-4 hx-w-4&#34;&gt;&lt;/div&gt;
    &lt;div class=&#34;success-icon hx-hidden group-[.copied]/copybtn:hx-block hx-pointer-events-none hx-h-4 hx-w-4&#34;&gt;&lt;/div&gt;
  &lt;/button&gt;
&lt;/div&gt;

  
&lt;/div&gt;
&lt;/li&gt;
&lt;li&gt;
&lt;p&gt;&lt;strong&gt;Masuk ke folder DVWA&lt;/strong&gt;:&lt;/p&gt;
&lt;div class=&#34;hextra-code-block hx-relative hx-mt-6 first:hx-mt-0 hx-group/code&#34;&gt;
  

&lt;pre&gt;&lt;code&gt;cd DVWA&lt;/code&gt;&lt;/pre&gt;&lt;div class=&#34;hextra-code-copy-btn-container hx-opacity-0 hx-transition group-hover/code:hx-opacity-100 hx-flex hx-gap-1 hx-absolute hx-m-[11px] hx-right-0 hx-top-0&#34;&gt;
  &lt;button
    class=&#34;hextra-code-copy-btn hx-group/copybtn hx-transition-all active:hx-opacity-50 hx-bg-primary-700/5 hx-border hx-border-black/5 hx-text-gray-600 hover:hx-text-gray-900 hx-rounded-md hx-p-1.5 dark:hx-bg-primary-300/10 dark:hx-border-white/10 dark:hx-text-gray-400 dark:hover:hx-text-gray-50&#34;
    title=&#34;Copy code&#34;
  &gt;
    &lt;div class=&#34;copy-icon group-[.copied]/copybtn:hx-hidden hx-pointer-events-none hx-h-4 hx-w-4&#34;&gt;&lt;/div&gt;
    &lt;div class=&#34;success-icon hx-hidden group-[.copied]/copybtn:hx-block hx-pointer-events-none hx-h-4 hx-w-4&#34;&gt;&lt;/div&gt;
  &lt;/button&gt;
&lt;/div&gt;

  
&lt;/div&gt;
&lt;/li&gt;
&lt;li&gt;
&lt;p&gt;&lt;strong&gt;Jalankan DVWA dengan Docker Compose&lt;/strong&gt;:&lt;/p&gt;
&lt;div class=&#34;hextra-code-block hx-relative hx-mt-6 first:hx-mt-0 hx-group/code&#34;&gt;
  

&lt;pre&gt;&lt;code&gt;docker compose up -d&lt;/code&gt;&lt;/pre&gt;&lt;div class=&#34;hextra-code-copy-btn-container hx-opacity-0 hx-transition group-hover/code:hx-opacity-100 hx-flex hx-gap-1 hx-absolute hx-m-[11px] hx-right-0 hx-top-0&#34;&gt;
  &lt;button
    class=&#34;hextra-code-copy-btn hx-group/copybtn hx-transition-all active:hx-opacity-50 hx-bg-primary-700/5 hx-border hx-border-black/5 hx-text-gray-600 hover:hx-text-gray-900 hx-rounded-md hx-p-1.5 dark:hx-bg-primary-300/10 dark:hx-border-white/10 dark:hx-text-gray-400 dark:hover:hx-text-gray-50&#34;
    title=&#34;Copy code&#34;
  &gt;
    &lt;div class=&#34;copy-icon group-[.copied]/copybtn:hx-hidden hx-pointer-events-none hx-h-4 hx-w-4&#34;&gt;&lt;/div&gt;
    &lt;div class=&#34;success-icon hx-hidden group-[.copied]/copybtn:hx-block hx-pointer-events-none hx-h-4 hx-w-4&#34;&gt;&lt;/div&gt;
  &lt;/button&gt;
&lt;/div&gt;

  
&lt;/div&gt;
&lt;/li&gt;
&lt;li&gt;
&lt;p&gt;&lt;strong&gt;Akses DVWA&lt;/strong&gt; melalui browser di port yang disediakan (misalnya, &lt;code&gt;http://localhost&lt;/code&gt;).&lt;/p&gt;
&lt;/li&gt;
&lt;li&gt;
&lt;p&gt;&lt;strong&gt;Login&lt;/strong&gt; menggunakan username &lt;code&gt;admin&lt;/code&gt; dan password &lt;code&gt;password&lt;/code&gt;.&lt;/p&gt;
&lt;/li&gt;
&lt;li&gt;
&lt;p&gt;&lt;strong&gt;Pastikan minimal setup check&lt;/strong&gt; sudah berhasil dan berwarna hijau, lalu klik &lt;strong&gt;&amp;ldquo;Create&amp;rdquo;&lt;/strong&gt; atau &lt;strong&gt;&amp;ldquo;Reset Database&amp;rdquo;&lt;/strong&gt;.&lt;/p&gt;
&lt;/li&gt;
&lt;li&gt;
&lt;p&gt;Setelah berhasil, Anda akan diarahkan ke halaman admin.&lt;/p&gt;
&lt;/li&gt;
&lt;/ol&gt;
      </description>
    </item>
    
    <item>
      <title>Fix Syntax Highlighting tidak aktif di Terminal Kali Linux</title>
      <link>https://nancynesia.com/blog/fix-syntax-highlighting-terminal-kali-linux/</link>
      <pubDate>Mon, 09 Dec 2024 00:00:00 +0000</pubDate>
      
      <guid>https://nancynesia.com/blog/fix-syntax-highlighting-terminal-kali-linux/</guid>
      <description>
        
        
        &lt;h2&gt;Langkah untuk Menambahkan ZSH Syntax Highlighting&lt;span class=&#34;hx-absolute -hx-mt-20&#34; id=&#34;langkah-untuk-menambahkan-zsh-syntax-highlighting&#34;&gt;&lt;/span&gt;
    &lt;a href=&#34;#langkah-untuk-menambahkan-zsh-syntax-highlighting&#34; class=&#34;subheading-anchor&#34; aria-label=&#34;Permalink for this section&#34;&gt;&lt;/a&gt;&lt;/h2&gt;&lt;p&gt;Berikut adalah langkah-langkah untuk menambahkan &lt;code&gt;zsh-syntax-highlighting&lt;/code&gt; di Zsh agar fitur syntax highlighting dapat aktif:&lt;/p&gt;
&lt;h3&gt;1. Instal &lt;code&gt;zsh-syntax-highlighting&lt;/code&gt;&lt;span class=&#34;hx-absolute -hx-mt-20&#34; id=&#34;1-instal-zsh-syntax-highlighting&#34;&gt;&lt;/span&gt;
    &lt;a href=&#34;#1-instal-zsh-syntax-highlighting&#34; class=&#34;subheading-anchor&#34; aria-label=&#34;Permalink for this section&#34;&gt;&lt;/a&gt;&lt;/h3&gt;&lt;p&gt;Pastikan &lt;code&gt;zsh-syntax-highlighting&lt;/code&gt; diinstal terlebih dahulu. Jalankan perintah berikut di terminal Anda:&lt;/p&gt;
&lt;div class=&#34;hextra-code-block hx-relative hx-mt-6 first:hx-mt-0 hx-group/code&#34;&gt;
  

&lt;div&gt;&lt;div class=&#34;highlight&#34;&gt;&lt;pre tabindex=&#34;0&#34; style=&#34;color:#f8f8f2;background-color:#272822;-moz-tab-size:4;-o-tab-size:4;tab-size:4;&#34;&gt;&lt;code class=&#34;language-bash&#34; data-lang=&#34;bash&#34;&gt;&lt;span style=&#34;display:flex;&#34;&gt;&lt;span&gt;sudo apt install zsh-syntax-highlighting&lt;/span&gt;&lt;/span&gt;&lt;/code&gt;&lt;/pre&gt;&lt;/div&gt;&lt;/div&gt;&lt;div class=&#34;hextra-code-copy-btn-container hx-opacity-0 hx-transition group-hover/code:hx-opacity-100 hx-flex hx-gap-1 hx-absolute hx-m-[11px] hx-right-0 hx-top-0&#34;&gt;
  &lt;button
    class=&#34;hextra-code-copy-btn hx-group/copybtn hx-transition-all active:hx-opacity-50 hx-bg-primary-700/5 hx-border hx-border-black/5 hx-text-gray-600 hover:hx-text-gray-900 hx-rounded-md hx-p-1.5 dark:hx-bg-primary-300/10 dark:hx-border-white/10 dark:hx-text-gray-400 dark:hover:hx-text-gray-50&#34;
    title=&#34;Copy code&#34;
  &gt;
    &lt;div class=&#34;copy-icon group-[.copied]/copybtn:hx-hidden hx-pointer-events-none hx-h-4 hx-w-4&#34;&gt;&lt;/div&gt;
    &lt;div class=&#34;success-icon hx-hidden group-[.copied]/copybtn:hx-block hx-pointer-events-none hx-h-4 hx-w-4&#34;&gt;&lt;/div&gt;
  &lt;/button&gt;
&lt;/div&gt;

  
&lt;/div&gt;
&lt;h3&gt;2. Tambahkan &lt;code&gt;source&lt;/code&gt; di &lt;code&gt;~/.zshrc&lt;/code&gt;&lt;span class=&#34;hx-absolute -hx-mt-20&#34; id=&#34;2-tambahkan-source-di-zshrc&#34;&gt;&lt;/span&gt;
    &lt;a href=&#34;#2-tambahkan-source-di-zshrc&#34; class=&#34;subheading-anchor&#34; aria-label=&#34;Permalink for this section&#34;&gt;&lt;/a&gt;&lt;/h3&gt;&lt;p&gt;Untuk mengaktifkan &lt;code&gt;zsh-syntax-highlighting&lt;/code&gt;, buka file &lt;code&gt;~/.zshrc&lt;/code&gt; dengan editor teks favorit Anda, misalnya &lt;code&gt;nano&lt;/code&gt; atau &lt;code&gt;vim&lt;/code&gt;:&lt;/p&gt;
&lt;div class=&#34;hextra-code-block hx-relative hx-mt-6 first:hx-mt-0 hx-group/code&#34;&gt;
  

&lt;div&gt;&lt;div class=&#34;highlight&#34;&gt;&lt;pre tabindex=&#34;0&#34; style=&#34;color:#f8f8f2;background-color:#272822;-moz-tab-size:4;-o-tab-size:4;tab-size:4;&#34;&gt;&lt;code class=&#34;language-bash&#34; data-lang=&#34;bash&#34;&gt;&lt;span style=&#34;display:flex;&#34;&gt;&lt;span&gt;nano ~/.zshrc&lt;/span&gt;&lt;/span&gt;&lt;/code&gt;&lt;/pre&gt;&lt;/div&gt;&lt;/div&gt;&lt;div class=&#34;hextra-code-copy-btn-container hx-opacity-0 hx-transition group-hover/code:hx-opacity-100 hx-flex hx-gap-1 hx-absolute hx-m-[11px] hx-right-0 hx-top-0&#34;&gt;
  &lt;button
    class=&#34;hextra-code-copy-btn hx-group/copybtn hx-transition-all active:hx-opacity-50 hx-bg-primary-700/5 hx-border hx-border-black/5 hx-text-gray-600 hover:hx-text-gray-900 hx-rounded-md hx-p-1.5 dark:hx-bg-primary-300/10 dark:hx-border-white/10 dark:hx-text-gray-400 dark:hover:hx-text-gray-50&#34;
    title=&#34;Copy code&#34;
  &gt;
    &lt;div class=&#34;copy-icon group-[.copied]/copybtn:hx-hidden hx-pointer-events-none hx-h-4 hx-w-4&#34;&gt;&lt;/div&gt;
    &lt;div class=&#34;success-icon hx-hidden group-[.copied]/copybtn:hx-block hx-pointer-events-none hx-h-4 hx-w-4&#34;&gt;&lt;/div&gt;
  &lt;/button&gt;
&lt;/div&gt;

  
&lt;/div&gt;
&lt;p&gt;Kemudian tambahkan baris berikut di akhir file &lt;code&gt;~/.zshrc&lt;/code&gt;:&lt;/p&gt;
&lt;div class=&#34;hextra-code-block hx-relative hx-mt-6 first:hx-mt-0 hx-group/code&#34;&gt;
  

&lt;div&gt;&lt;div class=&#34;highlight&#34;&gt;&lt;pre tabindex=&#34;0&#34; style=&#34;color:#f8f8f2;background-color:#272822;-moz-tab-size:4;-o-tab-size:4;tab-size:4;&#34;&gt;&lt;code class=&#34;language-bash&#34; data-lang=&#34;bash&#34;&gt;&lt;span style=&#34;display:flex;&#34;&gt;&lt;span&gt;source /usr/share/zsh-syntax-highlighting/zsh-syntax-highlighting.zsh&lt;/span&gt;&lt;/span&gt;&lt;/code&gt;&lt;/pre&gt;&lt;/div&gt;&lt;/div&gt;&lt;div class=&#34;hextra-code-copy-btn-container hx-opacity-0 hx-transition group-hover/code:hx-opacity-100 hx-flex hx-gap-1 hx-absolute hx-m-[11px] hx-right-0 hx-top-0&#34;&gt;
  &lt;button
    class=&#34;hextra-code-copy-btn hx-group/copybtn hx-transition-all active:hx-opacity-50 hx-bg-primary-700/5 hx-border hx-border-black/5 hx-text-gray-600 hover:hx-text-gray-900 hx-rounded-md hx-p-1.5 dark:hx-bg-primary-300/10 dark:hx-border-white/10 dark:hx-text-gray-400 dark:hover:hx-text-gray-50&#34;
    title=&#34;Copy code&#34;
  &gt;
    &lt;div class=&#34;copy-icon group-[.copied]/copybtn:hx-hidden hx-pointer-events-none hx-h-4 hx-w-4&#34;&gt;&lt;/div&gt;
    &lt;div class=&#34;success-icon hx-hidden group-[.copied]/copybtn:hx-block hx-pointer-events-none hx-h-4 hx-w-4&#34;&gt;&lt;/div&gt;
  &lt;/button&gt;
&lt;/div&gt;

  
&lt;/div&gt;
&lt;p&gt;Simpan dan tutup file tersebut. (Jika menggunakan &lt;code&gt;nano&lt;/code&gt;, tekan &lt;code&gt;CTRL + X&lt;/code&gt;, lalu &lt;code&gt;Y&lt;/code&gt;, dan tekan &lt;code&gt;Enter&lt;/code&gt;).&lt;/p&gt;
&lt;h3&gt;3. Terapkan Perubahan&lt;span class=&#34;hx-absolute -hx-mt-20&#34; id=&#34;3-terapkan-perubahan&#34;&gt;&lt;/span&gt;
    &lt;a href=&#34;#3-terapkan-perubahan&#34; class=&#34;subheading-anchor&#34; aria-label=&#34;Permalink for this section&#34;&gt;&lt;/a&gt;&lt;/h3&gt;&lt;p&gt;Setelah menambahkan baris tersebut, jalankan perintah berikut agar perubahan diterapkan:&lt;/p&gt;
&lt;div class=&#34;hextra-code-block hx-relative hx-mt-6 first:hx-mt-0 hx-group/code&#34;&gt;
  

&lt;div&gt;&lt;div class=&#34;highlight&#34;&gt;&lt;pre tabindex=&#34;0&#34; style=&#34;color:#f8f8f2;background-color:#272822;-moz-tab-size:4;-o-tab-size:4;tab-size:4;&#34;&gt;&lt;code class=&#34;language-bash&#34; data-lang=&#34;bash&#34;&gt;&lt;span style=&#34;display:flex;&#34;&gt;&lt;span&gt;source ~/.zshrc&lt;/span&gt;&lt;/span&gt;&lt;/code&gt;&lt;/pre&gt;&lt;/div&gt;&lt;/div&gt;&lt;div class=&#34;hextra-code-copy-btn-container hx-opacity-0 hx-transition group-hover/code:hx-opacity-100 hx-flex hx-gap-1 hx-absolute hx-m-[11px] hx-right-0 hx-top-0&#34;&gt;
  &lt;button
    class=&#34;hextra-code-copy-btn hx-group/copybtn hx-transition-all active:hx-opacity-50 hx-bg-primary-700/5 hx-border hx-border-black/5 hx-text-gray-600 hover:hx-text-gray-900 hx-rounded-md hx-p-1.5 dark:hx-bg-primary-300/10 dark:hx-border-white/10 dark:hx-text-gray-400 dark:hover:hx-text-gray-50&#34;
    title=&#34;Copy code&#34;
  &gt;
    &lt;div class=&#34;copy-icon group-[.copied]/copybtn:hx-hidden hx-pointer-events-none hx-h-4 hx-w-4&#34;&gt;&lt;/div&gt;
    &lt;div class=&#34;success-icon hx-hidden group-[.copied]/copybtn:hx-block hx-pointer-events-none hx-h-4 hx-w-4&#34;&gt;&lt;/div&gt;
  &lt;/button&gt;
&lt;/div&gt;

  
&lt;/div&gt;
&lt;h3&gt;4. Mengatasi Error Jika Menggunakan Bash&lt;span class=&#34;hx-absolute -hx-mt-20&#34; id=&#34;4-mengatasi-error-jika-menggunakan-bash&#34;&gt;&lt;/span&gt;
    &lt;a href=&#34;#4-mengatasi-error-jika-menggunakan-bash&#34; class=&#34;subheading-anchor&#34; aria-label=&#34;Permalink for this section&#34;&gt;&lt;/a&gt;&lt;/h3&gt;&lt;p&gt;Jika Anda mendapatkan error saat menjalankan &lt;code&gt;source ~/.zshrc&lt;/code&gt;, berarti Anda mungkin menggunakan shell &lt;code&gt;bash&lt;/code&gt;, bukan &lt;code&gt;zsh&lt;/code&gt;. Berikut solusi untuk masalah ini:&lt;/p&gt;
&lt;ol&gt;
&lt;li&gt;
&lt;p&gt;&lt;strong&gt;Masuk ke Zsh&lt;/strong&gt;: Anda perlu memastikan bahwa Anda menjalankan shell &lt;code&gt;zsh&lt;/code&gt; saat mengaktifkan konfigurasi &lt;code&gt;~/.zshrc&lt;/code&gt;. Jika Anda menggunakan &lt;code&gt;bash&lt;/code&gt;, perintah-perintah Zsh tidak akan dikenali. Cobalah untuk masuk ke Zsh dengan mengetikkan perintah berikut di terminal:&lt;/p&gt;
&lt;div class=&#34;hextra-code-block hx-relative hx-mt-6 first:hx-mt-0 hx-group/code&#34;&gt;
  

&lt;div&gt;&lt;div class=&#34;highlight&#34;&gt;&lt;pre tabindex=&#34;0&#34; style=&#34;color:#f8f8f2;background-color:#272822;-moz-tab-size:4;-o-tab-size:4;tab-size:4;&#34;&gt;&lt;code class=&#34;language-bash&#34; data-lang=&#34;bash&#34;&gt;&lt;span style=&#34;display:flex;&#34;&gt;&lt;span&gt;zsh&lt;/span&gt;&lt;/span&gt;&lt;/code&gt;&lt;/pre&gt;&lt;/div&gt;&lt;/div&gt;&lt;div class=&#34;hextra-code-copy-btn-container hx-opacity-0 hx-transition group-hover/code:hx-opacity-100 hx-flex hx-gap-1 hx-absolute hx-m-[11px] hx-right-0 hx-top-0&#34;&gt;
  &lt;button
    class=&#34;hextra-code-copy-btn hx-group/copybtn hx-transition-all active:hx-opacity-50 hx-bg-primary-700/5 hx-border hx-border-black/5 hx-text-gray-600 hover:hx-text-gray-900 hx-rounded-md hx-p-1.5 dark:hx-bg-primary-300/10 dark:hx-border-white/10 dark:hx-text-gray-400 dark:hover:hx-text-gray-50&#34;
    title=&#34;Copy code&#34;
  &gt;
    &lt;div class=&#34;copy-icon group-[.copied]/copybtn:hx-hidden hx-pointer-events-none hx-h-4 hx-w-4&#34;&gt;&lt;/div&gt;
    &lt;div class=&#34;success-icon hx-hidden group-[.copied]/copybtn:hx-block hx-pointer-events-none hx-h-4 hx-w-4&#34;&gt;&lt;/div&gt;
  &lt;/button&gt;
&lt;/div&gt;

  
&lt;/div&gt;
&lt;/li&gt;
&lt;li&gt;
&lt;p&gt;&lt;strong&gt;Jalankan &lt;code&gt;source ~/.zshrc&lt;/code&gt;&lt;/strong&gt;: Setelah masuk ke Zsh, jalankan:&lt;/p&gt;
&lt;div class=&#34;hextra-code-block hx-relative hx-mt-6 first:hx-mt-0 hx-group/code&#34;&gt;
  

&lt;div&gt;&lt;div class=&#34;highlight&#34;&gt;&lt;pre tabindex=&#34;0&#34; style=&#34;color:#f8f8f2;background-color:#272822;-moz-tab-size:4;-o-tab-size:4;tab-size:4;&#34;&gt;&lt;code class=&#34;language-bash&#34; data-lang=&#34;bash&#34;&gt;&lt;span style=&#34;display:flex;&#34;&gt;&lt;span&gt;source ~/.zshrc&lt;/span&gt;&lt;/span&gt;&lt;/code&gt;&lt;/pre&gt;&lt;/div&gt;&lt;/div&gt;&lt;div class=&#34;hextra-code-copy-btn-container hx-opacity-0 hx-transition group-hover/code:hx-opacity-100 hx-flex hx-gap-1 hx-absolute hx-m-[11px] hx-right-0 hx-top-0&#34;&gt;
  &lt;button
    class=&#34;hextra-code-copy-btn hx-group/copybtn hx-transition-all active:hx-opacity-50 hx-bg-primary-700/5 hx-border hx-border-black/5 hx-text-gray-600 hover:hx-text-gray-900 hx-rounded-md hx-p-1.5 dark:hx-bg-primary-300/10 dark:hx-border-white/10 dark:hx-text-gray-400 dark:hover:hx-text-gray-50&#34;
    title=&#34;Copy code&#34;
  &gt;
    &lt;div class=&#34;copy-icon group-[.copied]/copybtn:hx-hidden hx-pointer-events-none hx-h-4 hx-w-4&#34;&gt;&lt;/div&gt;
    &lt;div class=&#34;success-icon hx-hidden group-[.copied]/copybtn:hx-block hx-pointer-events-none hx-h-4 hx-w-4&#34;&gt;&lt;/div&gt;
  &lt;/button&gt;
&lt;/div&gt;

  
&lt;/div&gt;
&lt;/li&gt;
&lt;/ol&gt;
&lt;h3&gt;5. Instal Zsh dan Ubah Shell Default&lt;span class=&#34;hx-absolute -hx-mt-20&#34; id=&#34;5-instal-zsh-dan-ubah-shell-default&#34;&gt;&lt;/span&gt;
    &lt;a href=&#34;#5-instal-zsh-dan-ubah-shell-default&#34; class=&#34;subheading-anchor&#34; aria-label=&#34;Permalink for this section&#34;&gt;&lt;/a&gt;&lt;/h3&gt;&lt;p&gt;Jika Zsh belum diinstal, instal dengan perintah berikut:&lt;/p&gt;
&lt;div class=&#34;hextra-code-block hx-relative hx-mt-6 first:hx-mt-0 hx-group/code&#34;&gt;
  

&lt;div&gt;&lt;div class=&#34;highlight&#34;&gt;&lt;pre tabindex=&#34;0&#34; style=&#34;color:#f8f8f2;background-color:#272822;-moz-tab-size:4;-o-tab-size:4;tab-size:4;&#34;&gt;&lt;code class=&#34;language-bash&#34; data-lang=&#34;bash&#34;&gt;&lt;span style=&#34;display:flex;&#34;&gt;&lt;span&gt;sudo apt install zsh&lt;/span&gt;&lt;/span&gt;&lt;/code&gt;&lt;/pre&gt;&lt;/div&gt;&lt;/div&gt;&lt;div class=&#34;hextra-code-copy-btn-container hx-opacity-0 hx-transition group-hover/code:hx-opacity-100 hx-flex hx-gap-1 hx-absolute hx-m-[11px] hx-right-0 hx-top-0&#34;&gt;
  &lt;button
    class=&#34;hextra-code-copy-btn hx-group/copybtn hx-transition-all active:hx-opacity-50 hx-bg-primary-700/5 hx-border hx-border-black/5 hx-text-gray-600 hover:hx-text-gray-900 hx-rounded-md hx-p-1.5 dark:hx-bg-primary-300/10 dark:hx-border-white/10 dark:hx-text-gray-400 dark:hover:hx-text-gray-50&#34;
    title=&#34;Copy code&#34;
  &gt;
    &lt;div class=&#34;copy-icon group-[.copied]/copybtn:hx-hidden hx-pointer-events-none hx-h-4 hx-w-4&#34;&gt;&lt;/div&gt;
    &lt;div class=&#34;success-icon hx-hidden group-[.copied]/copybtn:hx-block hx-pointer-events-none hx-h-4 hx-w-4&#34;&gt;&lt;/div&gt;
  &lt;/button&gt;
&lt;/div&gt;

  
&lt;/div&gt;
&lt;p&gt;Kemudian ubah shell default Anda menjadi Zsh dengan perintah:&lt;/p&gt;
&lt;div class=&#34;hextra-code-block hx-relative hx-mt-6 first:hx-mt-0 hx-group/code&#34;&gt;
  

&lt;div&gt;&lt;div class=&#34;highlight&#34;&gt;&lt;pre tabindex=&#34;0&#34; style=&#34;color:#f8f8f2;background-color:#272822;-moz-tab-size:4;-o-tab-size:4;tab-size:4;&#34;&gt;&lt;code class=&#34;language-bash&#34; data-lang=&#34;bash&#34;&gt;&lt;span style=&#34;display:flex;&#34;&gt;&lt;span&gt;chsh -s &lt;span style=&#34;color:#66d9ef&#34;&gt;$(&lt;/span&gt;which zsh&lt;span style=&#34;color:#66d9ef&#34;&gt;)&lt;/span&gt;&lt;/span&gt;&lt;/span&gt;&lt;/code&gt;&lt;/pre&gt;&lt;/div&gt;&lt;/div&gt;&lt;div class=&#34;hextra-code-copy-btn-container hx-opacity-0 hx-transition group-hover/code:hx-opacity-100 hx-flex hx-gap-1 hx-absolute hx-m-[11px] hx-right-0 hx-top-0&#34;&gt;
  &lt;button
    class=&#34;hextra-code-copy-btn hx-group/copybtn hx-transition-all active:hx-opacity-50 hx-bg-primary-700/5 hx-border hx-border-black/5 hx-text-gray-600 hover:hx-text-gray-900 hx-rounded-md hx-p-1.5 dark:hx-bg-primary-300/10 dark:hx-border-white/10 dark:hx-text-gray-400 dark:hover:hx-text-gray-50&#34;
    title=&#34;Copy code&#34;
  &gt;
    &lt;div class=&#34;copy-icon group-[.copied]/copybtn:hx-hidden hx-pointer-events-none hx-h-4 hx-w-4&#34;&gt;&lt;/div&gt;
    &lt;div class=&#34;success-icon hx-hidden group-[.copied]/copybtn:hx-block hx-pointer-events-none hx-h-4 hx-w-4&#34;&gt;&lt;/div&gt;
  &lt;/button&gt;
&lt;/div&gt;

  
&lt;/div&gt;
&lt;p&gt;Log out dan log in kembali untuk menerapkan perubahan ini.&lt;/p&gt;
&lt;h2&gt;Mengapa Masalah Ini Terjadi?&lt;span class=&#34;hx-absolute -hx-mt-20&#34; id=&#34;mengapa-masalah-ini-terjadi&#34;&gt;&lt;/span&gt;
    &lt;a href=&#34;#mengapa-masalah-ini-terjadi&#34; class=&#34;subheading-anchor&#34; aria-label=&#34;Permalink for this section&#34;&gt;&lt;/a&gt;&lt;/h2&gt;&lt;h3&gt;Perbedaan Sintaks&lt;span class=&#34;hx-absolute -hx-mt-20&#34; id=&#34;perbedaan-sintaks&#34;&gt;&lt;/span&gt;
    &lt;a href=&#34;#perbedaan-sintaks&#34; class=&#34;subheading-anchor&#34; aria-label=&#34;Permalink for this section&#34;&gt;&lt;/a&gt;&lt;/h3&gt;&lt;p&gt;Bash dan Zsh memiliki perbedaan sintaks dan fitur. Perintah seperti &lt;code&gt;autoload&lt;/code&gt;, &lt;code&gt;compinit&lt;/code&gt;, dan &lt;code&gt;zstyle&lt;/code&gt; adalah spesifik untuk Zsh, sehingga tidak akan dikenali oleh bash.&lt;/p&gt;
&lt;h3&gt;File Konfigurasi&lt;span class=&#34;hx-absolute -hx-mt-20&#34; id=&#34;file-konfigurasi&#34;&gt;&lt;/span&gt;
    &lt;a href=&#34;#file-konfigurasi&#34; class=&#34;subheading-anchor&#34; aria-label=&#34;Permalink for this section&#34;&gt;&lt;/a&gt;&lt;/h3&gt;&lt;p&gt;&lt;code&gt;~/.zshrc&lt;/code&gt; adalah file konfigurasi untuk Zsh, sedangkan bash menggunakan &lt;code&gt;~/.bashrc&lt;/code&gt; atau &lt;code&gt;~/.bash_profile&lt;/code&gt;.&lt;/p&gt;
      </description>
    </item>
    
    <item>
      <title>Mengapa Kita Perlu Melakukan Penetration Testing</title>
      <link>https://nancynesia.com/blog/mengapa-kita-perlu-melakukan-penetration-testing/</link>
      <pubDate>Sun, 08 Dec 2024 00:00:00 +0000</pubDate>
      
      <guid>https://nancynesia.com/blog/mengapa-kita-perlu-melakukan-penetration-testing/</guid>
      <description>
        
        
        &lt;h2&gt;Mengapa Perlu Pentest&lt;span class=&#34;hx-absolute -hx-mt-20&#34; id=&#34;mengapa-perlu-pentest&#34;&gt;&lt;/span&gt;
    &lt;a href=&#34;#mengapa-perlu-pentest&#34; class=&#34;subheading-anchor&#34; aria-label=&#34;Permalink for this section&#34;&gt;&lt;/a&gt;&lt;/h2&gt;&lt;p&gt;Sebagai pengingat, istilah &lt;strong&gt;ethical hacker&lt;/strong&gt; menggambarkan seseorang yang bertindak seperti penyerang dan mengevaluasi keamanan jaringan komputer dengan tujuan meminimalkan risiko. &lt;strong&gt;NIST Computer Security Resource Center (CSRC)&lt;/strong&gt; mendefinisikan seorang &lt;strong&gt;hacker&lt;/strong&gt; sebagai &amp;ldquo;pengguna tidak sah yang mencoba atau berhasil mengakses sistem informasi.&amp;rdquo; Istilah hacker telah digunakan dengan berbagai cara dan memiliki banyak definisi. Kebanyakan orang di bidang teknologi komputer menganggap diri mereka sebagai hacker hanya karena mereka suka mengutak-atik sesuatu, yang jelas bukan hal yang jahat.&lt;/p&gt;
&lt;p&gt;Faktor kunci dalam membedakan &lt;strong&gt;ethical hacking&lt;/strong&gt; dan &lt;strong&gt;nonethical hacking&lt;/strong&gt; adalah bahwa yang terakhir melibatkan &lt;strong&gt;niat jahat&lt;/strong&gt;. Izin untuk menyerang atau melakukan pengujian adalah hal yang penting dan akan melindungi Anda dari masalah! Izin ini sering disebut sebagai &lt;strong&gt;scope&lt;/strong&gt; (cakupan) dari pengujian, yang menentukan apa yang boleh dan tidak boleh diuji.&lt;/p&gt;
&lt;p&gt;Seorang peneliti keamanan yang mencari celah dalam produk, aplikasi, atau layanan web dan melaporkan temuan mereka kepada vendor atau pemilik layanan tersebut dianggap sebagai &lt;strong&gt;ethical hacker&lt;/strong&gt;. Namun, seseorang yang menggunakan celah keamanan untuk mendapatkan akses tidak sah akan dianggap sebagai &lt;strong&gt;nonethical hacker&lt;/strong&gt;. Bahkan, seseorang yang menemukan celah dan mempublikasikannya tanpa berkolaborasi dengan vendor juga dianggap &lt;strong&gt;nonethical&lt;/strong&gt; karena bisa memicu kompromi jaringan/sistem oleh pihak lain yang berniat jahat.&lt;/p&gt;
&lt;p&gt;Sebagai &lt;strong&gt;ethical hacker&lt;/strong&gt;, Anda menggunakan alat yang sama untuk menemukan celah dan mengeksploitasi target seperti yang digunakan oleh &lt;strong&gt;nonethical hackers&lt;/strong&gt;. Namun, sebagai ethical hacker, Anda melaporkan temuan Anda kepada vendor atau pelanggan untuk membantu meningkatkan keamanan jaringan. Anda juga menghindari melakukan uji atau eksploitasi yang dapat merusak.&lt;/p&gt;
&lt;p&gt;Tujuan &lt;strong&gt;ethical hacker&lt;/strong&gt; adalah menganalisis &lt;strong&gt;postur keamanan&lt;/strong&gt; dari infrastruktur jaringan atau sistem untuk mengidentifikasi dan mungkin mengeksploitasi kelemahan keamanan. Proses ini dikenal sebagai &lt;strong&gt;security penetration testing&lt;/strong&gt; atau &lt;strong&gt;ethical hacking&lt;/strong&gt;.&lt;/p&gt;
&lt;p&gt;Jadi, mengapa kita perlu melakukan &lt;strong&gt;penetration testing&lt;/strong&gt;? Pertama-tama, sebagai seseorang yang bertanggung jawab untuk mengamankan dan mempertahankan jaringan/sistem, Anda ingin menemukan jalur kemungkinan serangan sebelum para peretas jahat melakukannya. Selama bertahun-tahun, kita telah mengembangkan dan menerapkan berbagai teknik pertahanan, seperti &lt;strong&gt;antivirus, firewall, intrusion prevention systems (IPS), dan anti-malware&lt;/strong&gt;. Kita juga telah menerapkan konsep &lt;strong&gt;defense-in-depth&lt;/strong&gt; untuk mengamankan dan mempertahankan jaringan.&lt;/p&gt;
&lt;p&gt;Namun, bagaimana kita tahu apakah pertahanan itu benar-benar efektif dan cukup untuk menahan serangan? Seberapa berharganya data yang kita lindungi, dan apakah kita melindungi hal-hal yang tepat? Pertanyaan-pertanyaan ini harus dijawab melalui &lt;strong&gt;penetration test&lt;/strong&gt;.&lt;/p&gt;
&lt;p&gt;Contohnya, jika Anda membangun pagar di sekitar halaman dengan tujuan agar anjing Anda tidak keluar, mungkin cukup dengan pagar setinggi 4 kaki. Namun, jika Anda khawatir bukan hanya anjing keluar, tetapi juga penyusup masuk, Anda memerlukan pagar yang lebih tinggi dan lebih aman, mungkin dengan kawat berduri di atasnya untuk menghalau penjahat. Dalam keamanan informasi, kita perlu melakukan penilaian yang serupa terhadap jaringan dan sistem kita. Kita harus menentukan apa yang kita lindungi dan apakah pertahanan kita cukup kuat untuk menahan ancaman yang ada.&lt;/p&gt;
&lt;p&gt;Inilah pentingnya &lt;strong&gt;penetration testing&lt;/strong&gt;. Menerapkan firewall, IPS, anti-malware, VPN, dan &lt;strong&gt;web application firewall (WAF)&lt;/strong&gt; saja tidak cukup. Anda juga perlu menguji keabsahannya secara berkala, karena jaringan dan sistem berubah terus-menerus, sehingga permukaan serangan pun dapat berubah. Ketika ini terjadi, Anda perlu mempertimbangkan untuk mengevaluasi kembali postur keamanan melalui &lt;strong&gt;penetration test&lt;/strong&gt;.&lt;/p&gt;
      </description>
    </item>
    
    <item>
      <title>Top Hacking Books for 2024</title>
      <link>https://nancynesia.com/blog/top-hacking-books-for-2024/</link>
      <pubDate>Sun, 08 Dec 2024 00:00:00 +0000</pubDate>
      
      <guid>https://nancynesia.com/blog/top-hacking-books-for-2024/</guid>
      <description>
        
        
        &lt;p&gt;Rekomendasi Buku Hacking 2024&lt;/p&gt;
&lt;p&gt;References: &lt;a href=&#34;https://youtu.be/r0P5vLcXpjY?si=Ni7enHdUkgNPe1u_&#34; target=&#34;_blank&#34; rel=&#34;noopener&#34;&gt;David Bombal&lt;/a&gt;&lt;/p&gt;
&lt;p&gt;How To Hack Like A Legend : Sparc Flow
Ethical Hacking: A Hand-On Introduction To Breaking in Daniel G. Graham
Linux Basic For Hackers: Occuphytheweb
Extreme Privacy: Michael Bazzel&lt;/p&gt;
&lt;h3&gt;1. The Web Application Hackers Handbook: Finding and Exploiting Security Flaws 2nd Edition by Dafydd Stuttard&lt;span class=&#34;hx-absolute -hx-mt-20&#34; id=&#34;1-the-web-application-hackers-handbook-finding-and-exploiting-security-flaws-2nd-edition-by-dafydd-stuttard&#34;&gt;&lt;/span&gt;
    &lt;a href=&#34;#1-the-web-application-hackers-handbook-finding-and-exploiting-security-flaws-2nd-edition-by-dafydd-stuttard&#34; class=&#34;subheading-anchor&#34; aria-label=&#34;Permalink for this section&#34;&gt;&lt;/a&gt;&lt;/h3&gt;&lt;ul&gt;
&lt;li&gt;Diterbitkan pertama tahun 2011, dimana internet sendiri masih belum rumit seperti sekarang.&lt;/li&gt;
&lt;li&gt;Sangat rekomendasi untuk belajar tingkat dasar kerentanan suatu sistem. Beberapa kerentanan keamanan yang baru mungkin tidak ada dibuku ini, tapi ini sangat membantu untuk belajar keamanan dasar bagi pemula.&lt;/li&gt;
&lt;li&gt;Ditulis oleh Dafydd Stuttard -&amp;gt; Bekerja di portswigger yang membuat Burpsuite&lt;/li&gt;
&lt;li&gt;Penulis kedua Marcus Pinto -&amp;gt; Owner dari MDSec, salah satu best company di UK&lt;/li&gt;
&lt;/ul&gt;
&lt;h3&gt;2. Portswigger Web Security Academy&lt;span class=&#34;hx-absolute -hx-mt-20&#34; id=&#34;2-portswigger-web-security-academy&#34;&gt;&lt;/span&gt;
    &lt;a href=&#34;#2-portswigger-web-security-academy&#34; class=&#34;subheading-anchor&#34; aria-label=&#34;Permalink for this section&#34;&gt;&lt;/a&gt;&lt;/h3&gt;&lt;ul&gt;
&lt;li&gt;Versi ketiga dari bukunya Dafydd Stutard&lt;/li&gt;
&lt;li&gt;Link web: &lt;a href=&#34;https://portswigger.net&#34; target=&#34;_blank&#34; rel=&#34;noopener&#34;&gt;https://portswigger.net&lt;/a&gt;&lt;/li&gt;
&lt;li&gt;Disitu terdapat beberapa kerentanan dan tipe serangan yang sedang tren saat ini&lt;/li&gt;
&lt;li&gt;Selain itu disini juga terdapat lab, untuk praktik melakukan serangan&lt;/li&gt;
&lt;li&gt;Salah satu resources yang terbaik untuk web app hacking&lt;/li&gt;
&lt;li&gt;&lt;strong&gt;Gratis&lt;/strong&gt;&lt;/li&gt;
&lt;/ul&gt;
&lt;h3&gt;3. OWASP Testing Guide&lt;span class=&#34;hx-absolute -hx-mt-20&#34; id=&#34;3-owasp-testing-guide&#34;&gt;&lt;/span&gt;
    &lt;a href=&#34;#3-owasp-testing-guide&#34; class=&#34;subheading-anchor&#34; aria-label=&#34;Permalink for this section&#34;&gt;&lt;/a&gt;&lt;/h3&gt;&lt;ul&gt;
&lt;li&gt;Berisi panduan menyeluruh tentang pentesting web application&lt;/li&gt;
&lt;li&gt;Link web: &lt;a href=&#34;https://owasp.org/www-project-web-security-testing-guide/&#34; target=&#34;_blank&#34; rel=&#34;noopener&#34;&gt;https://owasp.org/www-project-web-security-testing-guide/&lt;/a&gt;&lt;/li&gt;
&lt;li&gt;Di web tersebut juga ada versi pdf nya untuk yang saat ini, versi pdf 4.2, bisa download &lt;strong&gt;gratis&lt;/strong&gt; disana&lt;/li&gt;
&lt;li&gt;Kekuranganya adalah terlalu padat isinya, kadang lebih baik menggunakan cheatsheet&lt;/li&gt;
&lt;li&gt;Selain itu ada juga github repository nya, yang kita bisa mudah mencari topik tertentu mengenai hacking&lt;/li&gt;
&lt;/ul&gt;
&lt;h3&gt;4. Real World Bug Hunting by Peter Yaworski&lt;span class=&#34;hx-absolute -hx-mt-20&#34; id=&#34;4-real-world-bug-hunting-by-peter-yaworski&#34;&gt;&lt;/span&gt;
    &lt;a href=&#34;#4-real-world-bug-hunting-by-peter-yaworski&#34; class=&#34;subheading-anchor&#34; aria-label=&#34;Permalink for this section&#34;&gt;&lt;/a&gt;&lt;/h3&gt;&lt;ul&gt;
&lt;li&gt;Authornya sendiri adalah bug bounty hunter yang terkenal hingga saat ini&lt;/li&gt;
&lt;li&gt;Bukunya berisi kerentanan web yang ada di situs web yang nyata seperti Uber&lt;/li&gt;
&lt;li&gt;Menyajikan pengalaman nyata yang terjadi di dunia nyata&lt;/li&gt;
&lt;/ul&gt;
&lt;h3&gt;5. Bug Bounty Bootcamp by Vickie Li&lt;span class=&#34;hx-absolute -hx-mt-20&#34; id=&#34;5-bug-bounty-bootcamp-by-vickie-li&#34;&gt;&lt;/span&gt;
    &lt;a href=&#34;#5-bug-bounty-bootcamp-by-vickie-li&#34; class=&#34;subheading-anchor&#34; aria-label=&#34;Permalink for this section&#34;&gt;&lt;/a&gt;&lt;/h3&gt;&lt;ul&gt;
&lt;li&gt;Sedikit lebih baru dari bukunya Peter&lt;/li&gt;
&lt;li&gt;Banyak resource mengenai Web Bug Bounty disini&lt;/li&gt;
&lt;li&gt;Banyak Metodologi Reconnaisance disini&lt;/li&gt;
&lt;li&gt;Rekomendasi untuk orang yang tertarik dengan Bug Bounty atau Web Hacking&lt;/li&gt;
&lt;/ul&gt;
&lt;h3&gt;6. Red Team Field Manual by Ben Clark &amp;amp; Nick Downer&lt;span class=&#34;hx-absolute -hx-mt-20&#34; id=&#34;6-red-team-field-manual-by-ben-clark--nick-downer&#34;&gt;&lt;/span&gt;
    &lt;a href=&#34;#6-red-team-field-manual-by-ben-clark--nick-downer&#34; class=&#34;subheading-anchor&#34; aria-label=&#34;Permalink for this section&#34;&gt;&lt;/a&gt;&lt;/h3&gt;&lt;ul&gt;
&lt;li&gt;Sedikit ketinggalan jaman&lt;/li&gt;
&lt;li&gt;Kumpulan sintaks untuk red team&lt;/li&gt;
&lt;li&gt;Banyak materi Poweshell, Bash untuk membuat script sendiri&lt;/li&gt;
&lt;/ul&gt;
&lt;h3&gt;7. Red Team Development And Operations by Joe Vest&lt;span class=&#34;hx-absolute -hx-mt-20&#34; id=&#34;7-red-team-development-and-operations-by-joe-vest&#34;&gt;&lt;/span&gt;
    &lt;a href=&#34;#7-red-team-development-and-operations-by-joe-vest&#34; class=&#34;subheading-anchor&#34; aria-label=&#34;Permalink for this section&#34;&gt;&lt;/a&gt;&lt;/h3&gt;&lt;ul&gt;
&lt;li&gt;Berisi tentang bagaimana bekerja dengan tim&lt;/li&gt;
&lt;li&gt;Manajemen tim&lt;/li&gt;
&lt;li&gt;Rekomendasi untuk orang yang sedang merintis Red Tim sendiri&lt;/li&gt;
&lt;/ul&gt;
&lt;h3&gt;8. Operators Handbook by Netmux&lt;span class=&#34;hx-absolute -hx-mt-20&#34; id=&#34;8-operators-handbook-by-netmux&#34;&gt;&lt;/span&gt;
    &lt;a href=&#34;#8-operators-handbook-by-netmux&#34; class=&#34;subheading-anchor&#34; aria-label=&#34;Permalink for this section&#34;&gt;&lt;/a&gt;&lt;/h3&gt;&lt;ul&gt;
&lt;li&gt;Isi dari buku mencakup Red, Blue, OSINT&lt;/li&gt;
&lt;li&gt;Berisi sintaks juga sama seperi Buku di atas&lt;/li&gt;
&lt;/ul&gt;
&lt;h3&gt;9. Tribe Of Hackers Red Team by Marcus J.Carey &amp;amp; Jenifer Jin&lt;span class=&#34;hx-absolute -hx-mt-20&#34; id=&#34;9-tribe-of-hackers-red-team-by-marcus-jcarey--jenifer-jin&#34;&gt;&lt;/span&gt;
    &lt;a href=&#34;#9-tribe-of-hackers-red-team-by-marcus-jcarey--jenifer-jin&#34; class=&#34;subheading-anchor&#34; aria-label=&#34;Permalink for this section&#34;&gt;&lt;/a&gt;&lt;/h3&gt;&lt;ul&gt;
&lt;li&gt;Lebih membicarakan mengenai asal usul&lt;/li&gt;
&lt;li&gt;Tentang langkah apa yang mereka ambil, Bagaimana cara memulai karir, dll&lt;/li&gt;
&lt;/ul&gt;
&lt;h3&gt;10. Pentester Blueprint by Philip L.Wylie&lt;span class=&#34;hx-absolute -hx-mt-20&#34; id=&#34;10-pentester-blueprint-by-philip-lwylie&#34;&gt;&lt;/span&gt;
    &lt;a href=&#34;#10-pentester-blueprint-by-philip-lwylie&#34; class=&#34;subheading-anchor&#34; aria-label=&#34;Permalink for this section&#34;&gt;&lt;/a&gt;&lt;/h3&gt;&lt;ul&gt;
&lt;li&gt;Bagaimana anda memulai karir di ofensive siber sekuriti&lt;/li&gt;
&lt;/ul&gt;
&lt;h3&gt;11. Osint Technique: Resource For Uncovering Online Information by Michael Bazzel&lt;span class=&#34;hx-absolute -hx-mt-20&#34; id=&#34;11-osint-technique-resource-for-uncovering-online-information-by-michael-bazzel&#34;&gt;&lt;/span&gt;
    &lt;a href=&#34;#11-osint-technique-resource-for-uncovering-online-information-by-michael-bazzel&#34; class=&#34;subheading-anchor&#34; aria-label=&#34;Permalink for this section&#34;&gt;&lt;/a&gt;&lt;/h3&gt;&lt;ul&gt;
&lt;li&gt;Michael sendiri dikenal sebagai bapak OSINT&lt;/li&gt;
&lt;li&gt;Buku ke-10 dari pak Michael&lt;/li&gt;
&lt;li&gt;Salah satu resources terbaik untuk OSINT&lt;/li&gt;
&lt;/ul&gt;
&lt;h3&gt;12. Evading EDR by Matt Hand&lt;span class=&#34;hx-absolute -hx-mt-20&#34; id=&#34;12-evading-edr-by-matt-hand&#34;&gt;&lt;/span&gt;
    &lt;a href=&#34;#12-evading-edr-by-matt-hand&#34; class=&#34;subheading-anchor&#34; aria-label=&#34;Permalink for this section&#34;&gt;&lt;/a&gt;&lt;/h3&gt;&lt;ul&gt;
&lt;li&gt;Panduan Bypass&lt;/li&gt;
&lt;li&gt;Defeating Endpoint Detection System&lt;/li&gt;
&lt;/ul&gt;
&lt;h3&gt;13. Black Hat Graphql by Nick Aleks&lt;span class=&#34;hx-absolute -hx-mt-20&#34; id=&#34;13-black-hat-graphql-by-nick-aleks&#34;&gt;&lt;/span&gt;
    &lt;a href=&#34;#13-black-hat-graphql-by-nick-aleks&#34; class=&#34;subheading-anchor&#34; aria-label=&#34;Permalink for this section&#34;&gt;&lt;/a&gt;&lt;/h3&gt;&lt;ul&gt;
&lt;li&gt;Berisi mengenai API Attack&lt;/li&gt;
&lt;/ul&gt;
&lt;h3&gt;14. Hacking API by Corey J.Ball&lt;span class=&#34;hx-absolute -hx-mt-20&#34; id=&#34;14-hacking-api-by-corey-jball&#34;&gt;&lt;/span&gt;
    &lt;a href=&#34;#14-hacking-api-by-corey-jball&#34; class=&#34;subheading-anchor&#34; aria-label=&#34;Permalink for this section&#34;&gt;&lt;/a&gt;&lt;/h3&gt;&lt;ul&gt;
&lt;li&gt;API hacking book&lt;/li&gt;
&lt;li&gt;Fokus pada API&lt;/li&gt;
&lt;/ul&gt;
&lt;h3&gt;15. Black Hat Go by Tom Steele&lt;span class=&#34;hx-absolute -hx-mt-20&#34; id=&#34;15-black-hat-go-by-tom-steele&#34;&gt;&lt;/span&gt;
    &lt;a href=&#34;#15-black-hat-go-by-tom-steele&#34; class=&#34;subheading-anchor&#34; aria-label=&#34;Permalink for this section&#34;&gt;&lt;/a&gt;&lt;/h3&gt;&lt;ul&gt;
&lt;li&gt;Ketika belajar hacking, kita tidak perlu belajar frontend atau backend, tapi belajar bagaimana cara menulis script, maka dari itu perlu buku ini.&lt;/li&gt;
&lt;li&gt;Untuk saat ini banyak alat yang dibuat dengan bahasa Go&lt;/li&gt;
&lt;/ul&gt;
&lt;h3&gt;16. Black Hat Python by Justin Seitz 2n Editions&lt;span class=&#34;hx-absolute -hx-mt-20&#34; id=&#34;16-black-hat-python-by-justin-seitz-2n-editions&#34;&gt;&lt;/span&gt;
    &lt;a href=&#34;#16-black-hat-python-by-justin-seitz-2n-editions&#34; class=&#34;subheading-anchor&#34; aria-label=&#34;Permalink for this section&#34;&gt;&lt;/a&gt;&lt;/h3&gt;&lt;ul&gt;
&lt;li&gt;Sangat rekomendasi untuk pemula&lt;/li&gt;
&lt;li&gt;Untuk pemula bisa belajar ini dulu baru ke bahasa GO&lt;/li&gt;
&lt;/ul&gt;
&lt;h3&gt;17. Black Hat Bash by Dolev Fahri&lt;span class=&#34;hx-absolute -hx-mt-20&#34; id=&#34;17-black-hat-bash-by-dolev-fahri&#34;&gt;&lt;/span&gt;
    &lt;a href=&#34;#17-black-hat-bash-by-dolev-fahri&#34; class=&#34;subheading-anchor&#34; aria-label=&#34;Permalink for this section&#34;&gt;&lt;/a&gt;&lt;/h3&gt;&lt;ul&gt;
&lt;li&gt;Bash scripting for Hackers And Pentester&lt;/li&gt;
&lt;/ul&gt;
&lt;h3&gt;18. Zseno&amp;rsquo;s Methodology&lt;span class=&#34;hx-absolute -hx-mt-20&#34; id=&#34;18-zsenos-methodology&#34;&gt;&lt;/span&gt;
    &lt;a href=&#34;#18-zsenos-methodology&#34; class=&#34;subheading-anchor&#34; aria-label=&#34;Permalink for this section&#34;&gt;&lt;/a&gt;&lt;/h3&gt;&lt;ul&gt;
&lt;li&gt;Zseano adalah salah satu peretas handal di hackerone&lt;/li&gt;
&lt;li&gt;Bug Bounty&lt;/li&gt;
&lt;li&gt;Pendekatan bagaimana cara menemukan bug&lt;/li&gt;
&lt;/ul&gt;
      </description>
    </item>
    
    <item>
      <title>Hands-on Setup Lab dan Lingkungan Testing Aman</title>
      <link>https://nancynesia.com/blog/hands-on_setup_lab_dan_lingkungan_testing_aman/</link>
      <pubDate>Sat, 07 Dec 2024 00:00:00 +0000</pubDate>
      
      <guid>https://nancynesia.com/blog/hands-on_setup_lab_dan_lingkungan_testing_aman/</guid>
      <description>
        
        
        &lt;p&gt;Menjelaskan bagaimana cara setup Lab yang baik, referensi dari course ITTS Ethical Hackers&lt;/p&gt;
&lt;p&gt;Tags: [[hacking_fundamentals]]&lt;/p&gt;
&lt;h2&gt;1. Memahami Komponen Utama&lt;span class=&#34;hx-absolute -hx-mt-20&#34; id=&#34;1-memahami-komponen-utama&#34;&gt;&lt;/span&gt;
    &lt;a href=&#34;#1-memahami-komponen-utama&#34; class=&#34;subheading-anchor&#34; aria-label=&#34;Permalink for this section&#34;&gt;&lt;/a&gt;&lt;/h2&gt;&lt;ul&gt;
&lt;li&gt;&lt;strong&gt;Ubuntu 24.04&lt;/strong&gt;: Digunakan sebagai OS utama untuk host karena stabilitas dan fleksibilitasnya.&lt;/li&gt;
&lt;li&gt;&lt;strong&gt;Kali Linux 2024.3&lt;/strong&gt;: Sebagai distro khusus pengujian penetrasi dengan beragam tools bawaan.&lt;/li&gt;
&lt;li&gt;&lt;strong&gt;GNS3&lt;/strong&gt;: Emulator jaringan untuk membangun topologi kompleks dan simulasi serangan/pertahanan.&lt;/li&gt;
&lt;/ul&gt;
&lt;h2&gt;2. Langkah-langkah Setup&lt;span class=&#34;hx-absolute -hx-mt-20&#34; id=&#34;2-langkah-langkah-setup&#34;&gt;&lt;/span&gt;
    &lt;a href=&#34;#2-langkah-langkah-setup&#34; class=&#34;subheading-anchor&#34; aria-label=&#34;Permalink for this section&#34;&gt;&lt;/a&gt;&lt;/h2&gt;&lt;h3&gt;i. Instalasi Ubuntu 24.04&lt;span class=&#34;hx-absolute -hx-mt-20&#34; id=&#34;i-instalasi-ubuntu-2404&#34;&gt;&lt;/span&gt;
    &lt;a href=&#34;#i-instalasi-ubuntu-2404&#34; class=&#34;subheading-anchor&#34; aria-label=&#34;Permalink for this section&#34;&gt;&lt;/a&gt;&lt;/h3&gt;&lt;ul&gt;
&lt;li&gt;Unduh ISO dari situs resmi Ubuntu.&lt;/li&gt;
&lt;li&gt;Buat media bootable (USB atau DVD) dan instal Ubuntu pada perangkat keras Anda.&lt;/li&gt;
&lt;/ul&gt;
&lt;h3&gt;ii. Instalasi Kali Linux (Opsional)&lt;span class=&#34;hx-absolute -hx-mt-20&#34; id=&#34;ii-instalasi-kali-linux-opsional&#34;&gt;&lt;/span&gt;
    &lt;a href=&#34;#ii-instalasi-kali-linux-opsional&#34; class=&#34;subheading-anchor&#34; aria-label=&#34;Permalink for this section&#34;&gt;&lt;/a&gt;&lt;/h3&gt;&lt;ul&gt;
&lt;li&gt;Unduh ISO Kali Linux 2024.3 dari situs resmi.&lt;/li&gt;
&lt;li&gt;Instal pada VM menggunakan software virtualisasi seperti &lt;strong&gt;VirtualBox&lt;/strong&gt; atau &lt;strong&gt;VMware&lt;/strong&gt;.&lt;/li&gt;
&lt;/ul&gt;
&lt;h3&gt;iii. Instalasi GNS3&lt;span class=&#34;hx-absolute -hx-mt-20&#34; id=&#34;iii-instalasi-gns3&#34;&gt;&lt;/span&gt;
    &lt;a href=&#34;#iii-instalasi-gns3&#34; class=&#34;subheading-anchor&#34; aria-label=&#34;Permalink for this section&#34;&gt;&lt;/a&gt;&lt;/h3&gt;&lt;ul&gt;
&lt;li&gt;Unduh dan instal GNS3 dari situs resminya.&lt;/li&gt;
&lt;li&gt;Konfigurasikan agar GNS3 dapat bekerja dengan VM Anda (misalnya untuk menghubungkan Kali Linux di dalam VM).&lt;/li&gt;
&lt;/ul&gt;
&lt;h3&gt;iv. Konfigurasi Jaringan&lt;span class=&#34;hx-absolute -hx-mt-20&#34; id=&#34;iv-konfigurasi-jaringan&#34;&gt;&lt;/span&gt;
    &lt;a href=&#34;#iv-konfigurasi-jaringan&#34; class=&#34;subheading-anchor&#34; aria-label=&#34;Permalink for this section&#34;&gt;&lt;/a&gt;&lt;/h3&gt;&lt;ul&gt;
&lt;li&gt;Pastikan mesin host dan VM dapat berkomunikasi.&lt;/li&gt;
&lt;li&gt;Stabilkan koneksi internet untuk mengunduh tools dan update.&lt;/li&gt;
&lt;/ul&gt;
&lt;h3&gt;v. Instalasi Tools&lt;span class=&#34;hx-absolute -hx-mt-20&#34; id=&#34;v-instalasi-tools&#34;&gt;&lt;/span&gt;
    &lt;a href=&#34;#v-instalasi-tools&#34; class=&#34;subheading-anchor&#34; aria-label=&#34;Permalink for this section&#34;&gt;&lt;/a&gt;&lt;/h3&gt;&lt;ul&gt;
&lt;li&gt;&lt;strong&gt;Di Kali Linux&lt;/strong&gt;: Sebagian besar tools untuk ethical hacking sudah tersedia secara default.&lt;/li&gt;
&lt;li&gt;&lt;strong&gt;Di Ubuntu&lt;/strong&gt;: Instal tools melalui &lt;strong&gt;apt&lt;/strong&gt;, seperti:
&lt;ul&gt;
&lt;li&gt;&lt;strong&gt;Nmap&lt;/strong&gt;: Untuk pemindaian jaringan.&lt;/li&gt;
&lt;li&gt;&lt;strong&gt;Metasploit&lt;/strong&gt;: Framework eksploitasi.&lt;/li&gt;
&lt;li&gt;&lt;strong&gt;Wireshark&lt;/strong&gt;: Analisis lalu lintas jaringan.&lt;/li&gt;
&lt;li&gt;&lt;strong&gt;John the Ripper&lt;/strong&gt;: Cracking password.&lt;/li&gt;
&lt;li&gt;&lt;strong&gt;Burp Suite&lt;/strong&gt;: Pengujian aplikasi web.&lt;/li&gt;
&lt;/ul&gt;
&lt;/li&gt;
&lt;/ul&gt;
&lt;h3&gt;vi. Membangun Topologi Jaringan di GNS3&lt;span class=&#34;hx-absolute -hx-mt-20&#34; id=&#34;vi-membangun-topologi-jaringan-di-gns3&#34;&gt;&lt;/span&gt;
    &lt;a href=&#34;#vi-membangun-topologi-jaringan-di-gns3&#34; class=&#34;subheading-anchor&#34; aria-label=&#34;Permalink for this section&#34;&gt;&lt;/a&gt;&lt;/h3&gt;&lt;ul&gt;
&lt;li&gt;Tambahkan perangkat jaringan seperti router, switch, firewall di GNS3.&lt;/li&gt;
&lt;li&gt;Konfigurasikan perangkat dan hubungkan sesuai kebutuhan topologi.&lt;/li&gt;
&lt;/ul&gt;
&lt;h2&gt;3. Contoh Topologi Sederhana&lt;span class=&#34;hx-absolute -hx-mt-20&#34; id=&#34;3-contoh-topologi-sederhana&#34;&gt;&lt;/span&gt;
    &lt;a href=&#34;#3-contoh-topologi-sederhana&#34; class=&#34;subheading-anchor&#34; aria-label=&#34;Permalink for this section&#34;&gt;&lt;/a&gt;&lt;/h2&gt;&lt;ul&gt;
&lt;li&gt;&lt;strong&gt;Host&lt;/strong&gt;: Kali Linux (mesin attacker).&lt;/li&gt;
&lt;li&gt;&lt;strong&gt;Target&lt;/strong&gt;: Ubuntu Server (mesin target).&lt;/li&gt;
&lt;li&gt;&lt;strong&gt;Router&lt;/strong&gt;: Mikrotik di GNS3.&lt;/li&gt;
&lt;li&gt;&lt;strong&gt;Switch&lt;/strong&gt;: Built-in switch di GNS3.&lt;/li&gt;
&lt;/ul&gt;
&lt;h2&gt;4. Lingkungan Testing Aman&lt;span class=&#34;hx-absolute -hx-mt-20&#34; id=&#34;4-lingkungan-testing-aman&#34;&gt;&lt;/span&gt;
    &lt;a href=&#34;#4-lingkungan-testing-aman&#34; class=&#34;subheading-anchor&#34; aria-label=&#34;Permalink for this section&#34;&gt;&lt;/a&gt;&lt;/h2&gt;&lt;ul&gt;
&lt;li&gt;&lt;strong&gt;Isolasi Jaringan&lt;/strong&gt;: Pisahkan dari jaringan produksi.&lt;/li&gt;
&lt;li&gt;&lt;strong&gt;Firewall&lt;/strong&gt;: Batasi akses ke layanan tertentu.&lt;/li&gt;
&lt;li&gt;&lt;strong&gt;IDS (Intrusion Detection System)&lt;/strong&gt;: Pantau aktivitas jaringan.&lt;/li&gt;
&lt;li&gt;&lt;strong&gt;Virtualisasi&lt;/strong&gt;: Isolasi setiap eksperimen untuk meminimalkan risiko.&lt;/li&gt;
&lt;li&gt;&lt;strong&gt;Backup&lt;/strong&gt;: Lakukan backup secara berkala.&lt;/li&gt;
&lt;/ul&gt;
&lt;h2&gt;5. Hands-On Aktivitas&lt;span class=&#34;hx-absolute -hx-mt-20&#34; id=&#34;5-hands-on-aktivitas&#34;&gt;&lt;/span&gt;
    &lt;a href=&#34;#5-hands-on-aktivitas&#34; class=&#34;subheading-anchor&#34; aria-label=&#34;Permalink for this section&#34;&gt;&lt;/a&gt;&lt;/h2&gt;&lt;ul&gt;
&lt;li&gt;&lt;strong&gt;Scanning Jaringan&lt;/strong&gt;: Gunakan &lt;strong&gt;Nmap&lt;/strong&gt; untuk memindai dan mengidentifikasi perangkat.&lt;/li&gt;
&lt;li&gt;&lt;strong&gt;Eksploitasi Kerentanan&lt;/strong&gt;: Gunakan &lt;strong&gt;Metasploit&lt;/strong&gt; pada kerentanan yang ditemukan.&lt;/li&gt;
&lt;li&gt;&lt;strong&gt;Analisis Traffic&lt;/strong&gt;: Gunakan &lt;strong&gt;Wireshark&lt;/strong&gt; untuk melihat pola traffic.&lt;/li&gt;
&lt;li&gt;&lt;strong&gt;Password Cracking&lt;/strong&gt;: Gunakan &lt;strong&gt;John the Ripper&lt;/strong&gt;.&lt;/li&gt;
&lt;li&gt;&lt;strong&gt;Web Application Hacking&lt;/strong&gt;: Uji aplikasi web menggunakan &lt;strong&gt;Burp Suite&lt;/strong&gt;.&lt;/li&gt;
&lt;/ul&gt;
&lt;h2&gt;6. Tips Tambahan&lt;span class=&#34;hx-absolute -hx-mt-20&#34; id=&#34;6-tips-tambahan&#34;&gt;&lt;/span&gt;
    &lt;a href=&#34;#6-tips-tambahan&#34; class=&#34;subheading-anchor&#34; aria-label=&#34;Permalink for this section&#34;&gt;&lt;/a&gt;&lt;/h2&gt;&lt;ul&gt;
&lt;li&gt;&lt;strong&gt;Pelajari Dasar-Dasar Jaringan&lt;/strong&gt; untuk memahami lebih baik.&lt;/li&gt;
&lt;li&gt;&lt;strong&gt;Ikuti Tutorial dan Dokumentasi&lt;/strong&gt; terkait tools yang digunakan.&lt;/li&gt;
&lt;li&gt;&lt;strong&gt;Praktikkan Secara Teratur&lt;/strong&gt; untuk meningkatkan keterampilan.&lt;/li&gt;
&lt;li&gt;&lt;strong&gt;Etika&lt;/strong&gt;: Selalu patuhi hukum dan prinsip ethical hacking.&lt;/li&gt;
&lt;/ul&gt;
&lt;h2&gt;7. Penting&lt;span class=&#34;hx-absolute -hx-mt-20&#34; id=&#34;7-penting&#34;&gt;&lt;/span&gt;
    &lt;a href=&#34;#7-penting&#34; class=&#34;subheading-anchor&#34; aria-label=&#34;Permalink for this section&#34;&gt;&lt;/a&gt;&lt;/h2&gt;&lt;ul&gt;
&lt;li&gt;Jangan menyerang sistem tanpa izin.&lt;/li&gt;
&lt;li&gt;Patuhi kebijakan keamanan yang berlaku.&lt;/li&gt;
&lt;/ul&gt;
      </description>
    </item>
    
    <item>
      <title>Markdown Syntax Guide</title>
      <link>https://nancynesia.com/blog/markdown/</link>
      <pubDate>Wed, 01 Jan 2020 00:00:00 +0000</pubDate>
      
      <guid>https://nancynesia.com/blog/markdown/</guid>
      <description>
        
        
        &lt;p&gt;This article offers a sample of basic Markdown syntax that can be used in Hugo content files.&lt;/p&gt;
&lt;h2&gt;Basic Syntax&lt;span class=&#34;hx-absolute -hx-mt-20&#34; id=&#34;basic-syntax&#34;&gt;&lt;/span&gt;
    &lt;a href=&#34;#basic-syntax&#34; class=&#34;subheading-anchor&#34; aria-label=&#34;Permalink for this section&#34;&gt;&lt;/a&gt;&lt;/h2&gt;&lt;h3&gt;Headings&lt;span class=&#34;hx-absolute -hx-mt-20&#34; id=&#34;headings&#34;&gt;&lt;/span&gt;
    &lt;a href=&#34;#headings&#34; class=&#34;subheading-anchor&#34; aria-label=&#34;Permalink for this section&#34;&gt;&lt;/a&gt;&lt;/h3&gt;&lt;div class=&#34;hextra-code-block hx-relative hx-mt-6 first:hx-mt-0 hx-group/code&#34;&gt;
  

&lt;pre&gt;&lt;code&gt;# Heading 1
## Heading 2
### Heading 3
#### Heading 4
##### Heading 5
###### Heading 6&lt;/code&gt;&lt;/pre&gt;&lt;div class=&#34;hextra-code-copy-btn-container hx-opacity-0 hx-transition group-hover/code:hx-opacity-100 hx-flex hx-gap-1 hx-absolute hx-m-[11px] hx-right-0 hx-top-0&#34;&gt;
  &lt;button
    class=&#34;hextra-code-copy-btn hx-group/copybtn hx-transition-all active:hx-opacity-50 hx-bg-primary-700/5 hx-border hx-border-black/5 hx-text-gray-600 hover:hx-text-gray-900 hx-rounded-md hx-p-1.5 dark:hx-bg-primary-300/10 dark:hx-border-white/10 dark:hx-text-gray-400 dark:hover:hx-text-gray-50&#34;
    title=&#34;Copy code&#34;
  &gt;
    &lt;div class=&#34;copy-icon group-[.copied]/copybtn:hx-hidden hx-pointer-events-none hx-h-4 hx-w-4&#34;&gt;&lt;/div&gt;
    &lt;div class=&#34;success-icon hx-hidden group-[.copied]/copybtn:hx-block hx-pointer-events-none hx-h-4 hx-w-4&#34;&gt;&lt;/div&gt;
  &lt;/button&gt;
&lt;/div&gt;

  
&lt;/div&gt;
&lt;h2&gt;Heading 2&lt;span class=&#34;hx-absolute -hx-mt-20&#34; id=&#34;heading-2&#34;&gt;&lt;/span&gt;
    &lt;a href=&#34;#heading-2&#34; class=&#34;subheading-anchor&#34; aria-label=&#34;Permalink for this section&#34;&gt;&lt;/a&gt;&lt;/h2&gt;&lt;h3&gt;Heading 3&lt;span class=&#34;hx-absolute -hx-mt-20&#34; id=&#34;heading-3&#34;&gt;&lt;/span&gt;
    &lt;a href=&#34;#heading-3&#34; class=&#34;subheading-anchor&#34; aria-label=&#34;Permalink for this section&#34;&gt;&lt;/a&gt;&lt;/h3&gt;&lt;h4&gt;Heading 4&lt;span class=&#34;hx-absolute -hx-mt-20&#34; id=&#34;heading-4&#34;&gt;&lt;/span&gt;
    &lt;a href=&#34;#heading-4&#34; class=&#34;subheading-anchor&#34; aria-label=&#34;Permalink for this section&#34;&gt;&lt;/a&gt;&lt;/h4&gt;&lt;h5&gt;Heading 5&lt;span class=&#34;hx-absolute -hx-mt-20&#34; id=&#34;heading-5&#34;&gt;&lt;/span&gt;
    &lt;a href=&#34;#heading-5&#34; class=&#34;subheading-anchor&#34; aria-label=&#34;Permalink for this section&#34;&gt;&lt;/a&gt;&lt;/h5&gt;&lt;h6&gt;Heading 6&lt;span class=&#34;hx-absolute -hx-mt-20&#34; id=&#34;heading-6&#34;&gt;&lt;/span&gt;
    &lt;a href=&#34;#heading-6&#34; class=&#34;subheading-anchor&#34; aria-label=&#34;Permalink for this section&#34;&gt;&lt;/a&gt;&lt;/h6&gt;&lt;h3&gt;Emphasis&lt;span class=&#34;hx-absolute -hx-mt-20&#34; id=&#34;emphasis&#34;&gt;&lt;/span&gt;
    &lt;a href=&#34;#emphasis&#34; class=&#34;subheading-anchor&#34; aria-label=&#34;Permalink for this section&#34;&gt;&lt;/a&gt;&lt;/h3&gt;&lt;div class=&#34;hextra-code-block hx-relative hx-mt-6 first:hx-mt-0 hx-group/code&#34;&gt;
  

&lt;div&gt;&lt;div class=&#34;highlight&#34;&gt;&lt;pre tabindex=&#34;0&#34; style=&#34;color:#f8f8f2;background-color:#272822;-moz-tab-size:4;-o-tab-size:4;tab-size:4;&#34;&gt;&lt;code class=&#34;language-text&#34; data-lang=&#34;text&#34;&gt;&lt;span style=&#34;display:flex;&#34;&gt;&lt;span&gt;*This text will be italic*
&lt;/span&gt;&lt;/span&gt;&lt;span style=&#34;display:flex;&#34;&gt;&lt;span&gt;_This will also be italic_
&lt;/span&gt;&lt;/span&gt;&lt;span style=&#34;display:flex;&#34;&gt;&lt;span&gt;
&lt;/span&gt;&lt;/span&gt;&lt;span style=&#34;display:flex;&#34;&gt;&lt;span&gt;**This text will be bold**
&lt;/span&gt;&lt;/span&gt;&lt;span style=&#34;display:flex;&#34;&gt;&lt;span&gt;__This will also be bold__
&lt;/span&gt;&lt;/span&gt;&lt;span style=&#34;display:flex;&#34;&gt;&lt;span&gt;
&lt;/span&gt;&lt;/span&gt;&lt;span style=&#34;display:flex;&#34;&gt;&lt;span&gt;_You **can** combine them_&lt;/span&gt;&lt;/span&gt;&lt;/code&gt;&lt;/pre&gt;&lt;/div&gt;&lt;/div&gt;&lt;div class=&#34;hextra-code-copy-btn-container hx-opacity-0 hx-transition group-hover/code:hx-opacity-100 hx-flex hx-gap-1 hx-absolute hx-m-[11px] hx-right-0 hx-top-0&#34;&gt;
  &lt;button
    class=&#34;hextra-code-copy-btn hx-group/copybtn hx-transition-all active:hx-opacity-50 hx-bg-primary-700/5 hx-border hx-border-black/5 hx-text-gray-600 hover:hx-text-gray-900 hx-rounded-md hx-p-1.5 dark:hx-bg-primary-300/10 dark:hx-border-white/10 dark:hx-text-gray-400 dark:hover:hx-text-gray-50&#34;
    title=&#34;Copy code&#34;
  &gt;
    &lt;div class=&#34;copy-icon group-[.copied]/copybtn:hx-hidden hx-pointer-events-none hx-h-4 hx-w-4&#34;&gt;&lt;/div&gt;
    &lt;div class=&#34;success-icon hx-hidden group-[.copied]/copybtn:hx-block hx-pointer-events-none hx-h-4 hx-w-4&#34;&gt;&lt;/div&gt;
  &lt;/button&gt;
&lt;/div&gt;

  
&lt;/div&gt;
&lt;p&gt;&lt;em&gt;This text will be italic&lt;/em&gt;&lt;/p&gt;
&lt;p&gt;&lt;em&gt;This will also be italic&lt;/em&gt;&lt;/p&gt;
&lt;p&gt;&lt;strong&gt;This text will be bold&lt;/strong&gt;&lt;/p&gt;
&lt;p&gt;&lt;strong&gt;This will also be bold&lt;/strong&gt;&lt;/p&gt;
&lt;p&gt;&lt;em&gt;You &lt;strong&gt;can&lt;/strong&gt; combine them&lt;/em&gt;&lt;/p&gt;
&lt;h3&gt;Lists&lt;span class=&#34;hx-absolute -hx-mt-20&#34; id=&#34;lists&#34;&gt;&lt;/span&gt;
    &lt;a href=&#34;#lists&#34; class=&#34;subheading-anchor&#34; aria-label=&#34;Permalink for this section&#34;&gt;&lt;/a&gt;&lt;/h3&gt;&lt;h4&gt;Unordered&lt;span class=&#34;hx-absolute -hx-mt-20&#34; id=&#34;unordered&#34;&gt;&lt;/span&gt;
    &lt;a href=&#34;#unordered&#34; class=&#34;subheading-anchor&#34; aria-label=&#34;Permalink for this section&#34;&gt;&lt;/a&gt;&lt;/h4&gt;&lt;div class=&#34;hextra-code-block hx-relative hx-mt-6 first:hx-mt-0 hx-group/code&#34;&gt;
  

&lt;pre&gt;&lt;code&gt;* Item 1
* Item 2
  * Item 2a
  * Item 2b&lt;/code&gt;&lt;/pre&gt;&lt;div class=&#34;hextra-code-copy-btn-container hx-opacity-0 hx-transition group-hover/code:hx-opacity-100 hx-flex hx-gap-1 hx-absolute hx-m-[11px] hx-right-0 hx-top-0&#34;&gt;
  &lt;button
    class=&#34;hextra-code-copy-btn hx-group/copybtn hx-transition-all active:hx-opacity-50 hx-bg-primary-700/5 hx-border hx-border-black/5 hx-text-gray-600 hover:hx-text-gray-900 hx-rounded-md hx-p-1.5 dark:hx-bg-primary-300/10 dark:hx-border-white/10 dark:hx-text-gray-400 dark:hover:hx-text-gray-50&#34;
    title=&#34;Copy code&#34;
  &gt;
    &lt;div class=&#34;copy-icon group-[.copied]/copybtn:hx-hidden hx-pointer-events-none hx-h-4 hx-w-4&#34;&gt;&lt;/div&gt;
    &lt;div class=&#34;success-icon hx-hidden group-[.copied]/copybtn:hx-block hx-pointer-events-none hx-h-4 hx-w-4&#34;&gt;&lt;/div&gt;
  &lt;/button&gt;
&lt;/div&gt;

  
&lt;/div&gt;
&lt;ul&gt;
&lt;li&gt;Item 1&lt;/li&gt;
&lt;li&gt;Item 2
&lt;ul&gt;
&lt;li&gt;Item 2a&lt;/li&gt;
&lt;li&gt;Item 2b&lt;/li&gt;
&lt;/ul&gt;
&lt;/li&gt;
&lt;/ul&gt;
&lt;h4&gt;Ordered&lt;span class=&#34;hx-absolute -hx-mt-20&#34; id=&#34;ordered&#34;&gt;&lt;/span&gt;
    &lt;a href=&#34;#ordered&#34; class=&#34;subheading-anchor&#34; aria-label=&#34;Permalink for this section&#34;&gt;&lt;/a&gt;&lt;/h4&gt;&lt;div class=&#34;hextra-code-block hx-relative hx-mt-6 first:hx-mt-0 hx-group/code&#34;&gt;
  

&lt;pre&gt;&lt;code&gt;1. Item 1
2. Item 2
3. Item 3
   1. Item 3a
   2. Item 3b&lt;/code&gt;&lt;/pre&gt;&lt;div class=&#34;hextra-code-copy-btn-container hx-opacity-0 hx-transition group-hover/code:hx-opacity-100 hx-flex hx-gap-1 hx-absolute hx-m-[11px] hx-right-0 hx-top-0&#34;&gt;
  &lt;button
    class=&#34;hextra-code-copy-btn hx-group/copybtn hx-transition-all active:hx-opacity-50 hx-bg-primary-700/5 hx-border hx-border-black/5 hx-text-gray-600 hover:hx-text-gray-900 hx-rounded-md hx-p-1.5 dark:hx-bg-primary-300/10 dark:hx-border-white/10 dark:hx-text-gray-400 dark:hover:hx-text-gray-50&#34;
    title=&#34;Copy code&#34;
  &gt;
    &lt;div class=&#34;copy-icon group-[.copied]/copybtn:hx-hidden hx-pointer-events-none hx-h-4 hx-w-4&#34;&gt;&lt;/div&gt;
    &lt;div class=&#34;success-icon hx-hidden group-[.copied]/copybtn:hx-block hx-pointer-events-none hx-h-4 hx-w-4&#34;&gt;&lt;/div&gt;
  &lt;/button&gt;
&lt;/div&gt;

  
&lt;/div&gt;
&lt;h3&gt;Images&lt;span class=&#34;hx-absolute -hx-mt-20&#34; id=&#34;images&#34;&gt;&lt;/span&gt;
    &lt;a href=&#34;#images&#34; class=&#34;subheading-anchor&#34; aria-label=&#34;Permalink for this section&#34;&gt;&lt;/a&gt;&lt;/h3&gt;&lt;div class=&#34;hextra-code-block hx-relative hx-mt-6 first:hx-mt-0 hx-group/code&#34;&gt;
  

&lt;div&gt;&lt;div class=&#34;highlight&#34;&gt;&lt;pre tabindex=&#34;0&#34; style=&#34;color:#f8f8f2;background-color:#272822;-moz-tab-size:4;-o-tab-size:4;tab-size:4;&#34;&gt;&lt;code class=&#34;language-markdown&#34; data-lang=&#34;markdown&#34;&gt;&lt;span style=&#34;display:flex;&#34;&gt;&lt;span&gt;![&lt;span style=&#34;color:#f92672&#34;&gt;GitHub Logo&lt;/span&gt;](&lt;span style=&#34;color:#a6e22e&#34;&gt;https://github.githubassets.com/images/modules/logos_page/GitHub-Mark.png&lt;/span&gt;)&lt;/span&gt;&lt;/span&gt;&lt;/code&gt;&lt;/pre&gt;&lt;/div&gt;&lt;/div&gt;&lt;div class=&#34;hextra-code-copy-btn-container hx-opacity-0 hx-transition group-hover/code:hx-opacity-100 hx-flex hx-gap-1 hx-absolute hx-m-[11px] hx-right-0 hx-top-0&#34;&gt;
  &lt;button
    class=&#34;hextra-code-copy-btn hx-group/copybtn hx-transition-all active:hx-opacity-50 hx-bg-primary-700/5 hx-border hx-border-black/5 hx-text-gray-600 hover:hx-text-gray-900 hx-rounded-md hx-p-1.5 dark:hx-bg-primary-300/10 dark:hx-border-white/10 dark:hx-text-gray-400 dark:hover:hx-text-gray-50&#34;
    title=&#34;Copy code&#34;
  &gt;
    &lt;div class=&#34;copy-icon group-[.copied]/copybtn:hx-hidden hx-pointer-events-none hx-h-4 hx-w-4&#34;&gt;&lt;/div&gt;
    &lt;div class=&#34;success-icon hx-hidden group-[.copied]/copybtn:hx-block hx-pointer-events-none hx-h-4 hx-w-4&#34;&gt;&lt;/div&gt;
  &lt;/button&gt;
&lt;/div&gt;

  
&lt;/div&gt;
&lt;p&gt;&lt;img src=&#34;https://github.githubassets.com/images/modules/logos_page/GitHub-Mark.png&#34; alt=&#34;GitHub Logo&#34; loading=&#34;lazy&#34; /&gt;&lt;/p&gt;
&lt;h3&gt;Links&lt;span class=&#34;hx-absolute -hx-mt-20&#34; id=&#34;links&#34;&gt;&lt;/span&gt;
    &lt;a href=&#34;#links&#34; class=&#34;subheading-anchor&#34; aria-label=&#34;Permalink for this section&#34;&gt;&lt;/a&gt;&lt;/h3&gt;&lt;div class=&#34;hextra-code-block hx-relative hx-mt-6 first:hx-mt-0 hx-group/code&#34;&gt;
  

&lt;div&gt;&lt;div class=&#34;highlight&#34;&gt;&lt;pre tabindex=&#34;0&#34; style=&#34;color:#f8f8f2;background-color:#272822;-moz-tab-size:4;-o-tab-size:4;tab-size:4;&#34;&gt;&lt;code class=&#34;language-markdown&#34; data-lang=&#34;markdown&#34;&gt;&lt;span style=&#34;display:flex;&#34;&gt;&lt;span&gt;[&lt;span style=&#34;color:#f92672&#34;&gt;Hugo&lt;/span&gt;](&lt;span style=&#34;color:#a6e22e&#34;&gt;https://gohugo.io&lt;/span&gt;)&lt;/span&gt;&lt;/span&gt;&lt;/code&gt;&lt;/pre&gt;&lt;/div&gt;&lt;/div&gt;&lt;div class=&#34;hextra-code-copy-btn-container hx-opacity-0 hx-transition group-hover/code:hx-opacity-100 hx-flex hx-gap-1 hx-absolute hx-m-[11px] hx-right-0 hx-top-0&#34;&gt;
  &lt;button
    class=&#34;hextra-code-copy-btn hx-group/copybtn hx-transition-all active:hx-opacity-50 hx-bg-primary-700/5 hx-border hx-border-black/5 hx-text-gray-600 hover:hx-text-gray-900 hx-rounded-md hx-p-1.5 dark:hx-bg-primary-300/10 dark:hx-border-white/10 dark:hx-text-gray-400 dark:hover:hx-text-gray-50&#34;
    title=&#34;Copy code&#34;
  &gt;
    &lt;div class=&#34;copy-icon group-[.copied]/copybtn:hx-hidden hx-pointer-events-none hx-h-4 hx-w-4&#34;&gt;&lt;/div&gt;
    &lt;div class=&#34;success-icon hx-hidden group-[.copied]/copybtn:hx-block hx-pointer-events-none hx-h-4 hx-w-4&#34;&gt;&lt;/div&gt;
  &lt;/button&gt;
&lt;/div&gt;

  
&lt;/div&gt;
&lt;p&gt;&lt;a href=&#34;https://gohugo.io&#34; target=&#34;_blank&#34; rel=&#34;noopener&#34;&gt;Hugo&lt;/a&gt;&lt;/p&gt;
&lt;h3&gt;Blockquotes&lt;span class=&#34;hx-absolute -hx-mt-20&#34; id=&#34;blockquotes&#34;&gt;&lt;/span&gt;
    &lt;a href=&#34;#blockquotes&#34; class=&#34;subheading-anchor&#34; aria-label=&#34;Permalink for this section&#34;&gt;&lt;/a&gt;&lt;/h3&gt;&lt;div class=&#34;hextra-code-block hx-relative hx-mt-6 first:hx-mt-0 hx-group/code&#34;&gt;
  

&lt;div&gt;&lt;div class=&#34;highlight&#34;&gt;&lt;pre tabindex=&#34;0&#34; style=&#34;color:#f8f8f2;background-color:#272822;-moz-tab-size:4;-o-tab-size:4;tab-size:4;&#34;&gt;&lt;code class=&#34;language-markdown&#34; data-lang=&#34;markdown&#34;&gt;&lt;span style=&#34;display:flex;&#34;&gt;&lt;span&gt;As Newton said:
&lt;/span&gt;&lt;/span&gt;&lt;span style=&#34;display:flex;&#34;&gt;&lt;span&gt;
&lt;/span&gt;&lt;/span&gt;&lt;span style=&#34;display:flex;&#34;&gt;&lt;span&gt;&amp;gt; If I have seen further it is by standing on the shoulders of Giants.&lt;/span&gt;&lt;/span&gt;&lt;/code&gt;&lt;/pre&gt;&lt;/div&gt;&lt;/div&gt;&lt;div class=&#34;hextra-code-copy-btn-container hx-opacity-0 hx-transition group-hover/code:hx-opacity-100 hx-flex hx-gap-1 hx-absolute hx-m-[11px] hx-right-0 hx-top-0&#34;&gt;
  &lt;button
    class=&#34;hextra-code-copy-btn hx-group/copybtn hx-transition-all active:hx-opacity-50 hx-bg-primary-700/5 hx-border hx-border-black/5 hx-text-gray-600 hover:hx-text-gray-900 hx-rounded-md hx-p-1.5 dark:hx-bg-primary-300/10 dark:hx-border-white/10 dark:hx-text-gray-400 dark:hover:hx-text-gray-50&#34;
    title=&#34;Copy code&#34;
  &gt;
    &lt;div class=&#34;copy-icon group-[.copied]/copybtn:hx-hidden hx-pointer-events-none hx-h-4 hx-w-4&#34;&gt;&lt;/div&gt;
    &lt;div class=&#34;success-icon hx-hidden group-[.copied]/copybtn:hx-block hx-pointer-events-none hx-h-4 hx-w-4&#34;&gt;&lt;/div&gt;
  &lt;/button&gt;
&lt;/div&gt;

  
&lt;/div&gt;
&lt;blockquote&gt;
&lt;p&gt;If I have seen further it is by standing on the shoulders of Giants.&lt;/p&gt;
&lt;/blockquote&gt;
&lt;h3&gt;Inline Code&lt;span class=&#34;hx-absolute -hx-mt-20&#34; id=&#34;inline-code&#34;&gt;&lt;/span&gt;
    &lt;a href=&#34;#inline-code&#34; class=&#34;subheading-anchor&#34; aria-label=&#34;Permalink for this section&#34;&gt;&lt;/a&gt;&lt;/h3&gt;&lt;div class=&#34;hextra-code-block hx-relative hx-mt-6 first:hx-mt-0 hx-group/code&#34;&gt;
  

&lt;div&gt;&lt;div class=&#34;highlight&#34;&gt;&lt;pre tabindex=&#34;0&#34; style=&#34;color:#f8f8f2;background-color:#272822;-moz-tab-size:4;-o-tab-size:4;tab-size:4;&#34;&gt;&lt;code class=&#34;language-markdown&#34; data-lang=&#34;markdown&#34;&gt;&lt;span style=&#34;display:flex;&#34;&gt;&lt;span&gt;Inline &lt;span style=&#34;color:#e6db74&#34;&gt;`code`&lt;/span&gt; has &lt;span style=&#34;color:#e6db74&#34;&gt;`back-ticks around`&lt;/span&gt; it.&lt;/span&gt;&lt;/span&gt;&lt;/code&gt;&lt;/pre&gt;&lt;/div&gt;&lt;/div&gt;&lt;div class=&#34;hextra-code-copy-btn-container hx-opacity-0 hx-transition group-hover/code:hx-opacity-100 hx-flex hx-gap-1 hx-absolute hx-m-[11px] hx-right-0 hx-top-0&#34;&gt;
  &lt;button
    class=&#34;hextra-code-copy-btn hx-group/copybtn hx-transition-all active:hx-opacity-50 hx-bg-primary-700/5 hx-border hx-border-black/5 hx-text-gray-600 hover:hx-text-gray-900 hx-rounded-md hx-p-1.5 dark:hx-bg-primary-300/10 dark:hx-border-white/10 dark:hx-text-gray-400 dark:hover:hx-text-gray-50&#34;
    title=&#34;Copy code&#34;
  &gt;
    &lt;div class=&#34;copy-icon group-[.copied]/copybtn:hx-hidden hx-pointer-events-none hx-h-4 hx-w-4&#34;&gt;&lt;/div&gt;
    &lt;div class=&#34;success-icon hx-hidden group-[.copied]/copybtn:hx-block hx-pointer-events-none hx-h-4 hx-w-4&#34;&gt;&lt;/div&gt;
  &lt;/button&gt;
&lt;/div&gt;

  
&lt;/div&gt;
&lt;p&gt;Inline &lt;code&gt;code&lt;/code&gt; has &lt;code&gt;back-ticks around&lt;/code&gt; it.&lt;/p&gt;
&lt;h3&gt;Code Blocks&lt;span class=&#34;hx-absolute -hx-mt-20&#34; id=&#34;code-blocks&#34;&gt;&lt;/span&gt;
    &lt;a href=&#34;#code-blocks&#34; class=&#34;subheading-anchor&#34; aria-label=&#34;Permalink for this section&#34;&gt;&lt;/a&gt;&lt;/h3&gt;&lt;h4&gt;Syntax Highlighting&lt;span class=&#34;hx-absolute -hx-mt-20&#34; id=&#34;syntax-highlighting&#34;&gt;&lt;/span&gt;
    &lt;a href=&#34;#syntax-highlighting&#34; class=&#34;subheading-anchor&#34; aria-label=&#34;Permalink for this section&#34;&gt;&lt;/a&gt;&lt;/h4&gt;&lt;div class=&#34;hextra-code-block hx-relative hx-mt-6 first:hx-mt-0 hx-group/code&#34;&gt;
  

&lt;div&gt;&lt;div class=&#34;highlight&#34;&gt;&lt;pre tabindex=&#34;0&#34; style=&#34;color:#f8f8f2;background-color:#272822;-moz-tab-size:4;-o-tab-size:4;tab-size:4;&#34;&gt;&lt;code class=&#34;language-markdown&#34; data-lang=&#34;markdown&#34;&gt;&lt;span style=&#34;display:flex;&#34;&gt;&lt;span&gt;&lt;span style=&#34;color:#e6db74&#34;&gt;```go
&lt;/span&gt;&lt;/span&gt;&lt;/span&gt;&lt;span style=&#34;display:flex;&#34;&gt;&lt;span&gt;&lt;span style=&#34;color:#e6db74&#34;&gt;&lt;/span&gt;&lt;span style=&#34;color:#66d9ef&#34;&gt;func&lt;/span&gt; &lt;span style=&#34;color:#a6e22e&#34;&gt;main&lt;/span&gt;() {
&lt;/span&gt;&lt;/span&gt;&lt;span style=&#34;display:flex;&#34;&gt;&lt;span&gt;    &lt;span style=&#34;color:#a6e22e&#34;&gt;fmt&lt;/span&gt;.&lt;span style=&#34;color:#a6e22e&#34;&gt;Println&lt;/span&gt;(&lt;span style=&#34;color:#e6db74&#34;&gt;&amp;#34;Hello World&amp;#34;&lt;/span&gt;)
&lt;/span&gt;&lt;/span&gt;&lt;span style=&#34;display:flex;&#34;&gt;&lt;span&gt;}
&lt;/span&gt;&lt;/span&gt;&lt;span style=&#34;display:flex;&#34;&gt;&lt;span&gt;&lt;span style=&#34;color:#e6db74&#34;&gt;```&lt;/span&gt;&lt;/span&gt;&lt;/span&gt;&lt;/code&gt;&lt;/pre&gt;&lt;/div&gt;&lt;/div&gt;&lt;div class=&#34;hextra-code-copy-btn-container hx-opacity-0 hx-transition group-hover/code:hx-opacity-100 hx-flex hx-gap-1 hx-absolute hx-m-[11px] hx-right-0 hx-top-0&#34;&gt;
  &lt;button
    class=&#34;hextra-code-copy-btn hx-group/copybtn hx-transition-all active:hx-opacity-50 hx-bg-primary-700/5 hx-border hx-border-black/5 hx-text-gray-600 hover:hx-text-gray-900 hx-rounded-md hx-p-1.5 dark:hx-bg-primary-300/10 dark:hx-border-white/10 dark:hx-text-gray-400 dark:hover:hx-text-gray-50&#34;
    title=&#34;Copy code&#34;
  &gt;
    &lt;div class=&#34;copy-icon group-[.copied]/copybtn:hx-hidden hx-pointer-events-none hx-h-4 hx-w-4&#34;&gt;&lt;/div&gt;
    &lt;div class=&#34;success-icon hx-hidden group-[.copied]/copybtn:hx-block hx-pointer-events-none hx-h-4 hx-w-4&#34;&gt;&lt;/div&gt;
  &lt;/button&gt;
&lt;/div&gt;

  
&lt;/div&gt;
&lt;div class=&#34;hextra-code-block hx-relative hx-mt-6 first:hx-mt-0 hx-group/code&#34;&gt;
  

&lt;div&gt;&lt;div class=&#34;highlight&#34;&gt;&lt;pre tabindex=&#34;0&#34; style=&#34;color:#f8f8f2;background-color:#272822;-moz-tab-size:4;-o-tab-size:4;tab-size:4;&#34;&gt;&lt;code class=&#34;language-go&#34; data-lang=&#34;go&#34;&gt;&lt;span style=&#34;display:flex;&#34;&gt;&lt;span&gt;&lt;span style=&#34;color:#66d9ef&#34;&gt;func&lt;/span&gt; &lt;span style=&#34;color:#a6e22e&#34;&gt;main&lt;/span&gt;() {
&lt;/span&gt;&lt;/span&gt;&lt;span style=&#34;display:flex;&#34;&gt;&lt;span&gt;    &lt;span style=&#34;color:#a6e22e&#34;&gt;fmt&lt;/span&gt;.&lt;span style=&#34;color:#a6e22e&#34;&gt;Println&lt;/span&gt;(&lt;span style=&#34;color:#e6db74&#34;&gt;&amp;#34;Hello World&amp;#34;&lt;/span&gt;)
&lt;/span&gt;&lt;/span&gt;&lt;span style=&#34;display:flex;&#34;&gt;&lt;span&gt;}&lt;/span&gt;&lt;/span&gt;&lt;/code&gt;&lt;/pre&gt;&lt;/div&gt;&lt;/div&gt;&lt;div class=&#34;hextra-code-copy-btn-container hx-opacity-0 hx-transition group-hover/code:hx-opacity-100 hx-flex hx-gap-1 hx-absolute hx-m-[11px] hx-right-0 hx-top-0&#34;&gt;
  &lt;button
    class=&#34;hextra-code-copy-btn hx-group/copybtn hx-transition-all active:hx-opacity-50 hx-bg-primary-700/5 hx-border hx-border-black/5 hx-text-gray-600 hover:hx-text-gray-900 hx-rounded-md hx-p-1.5 dark:hx-bg-primary-300/10 dark:hx-border-white/10 dark:hx-text-gray-400 dark:hover:hx-text-gray-50&#34;
    title=&#34;Copy code&#34;
  &gt;
    &lt;div class=&#34;copy-icon group-[.copied]/copybtn:hx-hidden hx-pointer-events-none hx-h-4 hx-w-4&#34;&gt;&lt;/div&gt;
    &lt;div class=&#34;success-icon hx-hidden group-[.copied]/copybtn:hx-block hx-pointer-events-none hx-h-4 hx-w-4&#34;&gt;&lt;/div&gt;
  &lt;/button&gt;
&lt;/div&gt;

  
&lt;/div&gt;
&lt;h3&gt;Tables&lt;span class=&#34;hx-absolute -hx-mt-20&#34; id=&#34;tables&#34;&gt;&lt;/span&gt;
    &lt;a href=&#34;#tables&#34; class=&#34;subheading-anchor&#34; aria-label=&#34;Permalink for this section&#34;&gt;&lt;/a&gt;&lt;/h3&gt;&lt;div class=&#34;hextra-code-block hx-relative hx-mt-6 first:hx-mt-0 hx-group/code&#34;&gt;
  

&lt;div&gt;&lt;div class=&#34;highlight&#34;&gt;&lt;pre tabindex=&#34;0&#34; style=&#34;color:#f8f8f2;background-color:#272822;-moz-tab-size:4;-o-tab-size:4;tab-size:4;&#34;&gt;&lt;code class=&#34;language-markdown&#34; data-lang=&#34;markdown&#34;&gt;&lt;span style=&#34;display:flex;&#34;&gt;&lt;span&gt;| Syntax    | Description |
&lt;/span&gt;&lt;/span&gt;&lt;span style=&#34;display:flex;&#34;&gt;&lt;span&gt;| --------- | ----------- |
&lt;/span&gt;&lt;/span&gt;&lt;span style=&#34;display:flex;&#34;&gt;&lt;span&gt;| Header    | Title       |
&lt;/span&gt;&lt;/span&gt;&lt;span style=&#34;display:flex;&#34;&gt;&lt;span&gt;| Paragraph | Text        |&lt;/span&gt;&lt;/span&gt;&lt;/code&gt;&lt;/pre&gt;&lt;/div&gt;&lt;/div&gt;&lt;div class=&#34;hextra-code-copy-btn-container hx-opacity-0 hx-transition group-hover/code:hx-opacity-100 hx-flex hx-gap-1 hx-absolute hx-m-[11px] hx-right-0 hx-top-0&#34;&gt;
  &lt;button
    class=&#34;hextra-code-copy-btn hx-group/copybtn hx-transition-all active:hx-opacity-50 hx-bg-primary-700/5 hx-border hx-border-black/5 hx-text-gray-600 hover:hx-text-gray-900 hx-rounded-md hx-p-1.5 dark:hx-bg-primary-300/10 dark:hx-border-white/10 dark:hx-text-gray-400 dark:hover:hx-text-gray-50&#34;
    title=&#34;Copy code&#34;
  &gt;
    &lt;div class=&#34;copy-icon group-[.copied]/copybtn:hx-hidden hx-pointer-events-none hx-h-4 hx-w-4&#34;&gt;&lt;/div&gt;
    &lt;div class=&#34;success-icon hx-hidden group-[.copied]/copybtn:hx-block hx-pointer-events-none hx-h-4 hx-w-4&#34;&gt;&lt;/div&gt;
  &lt;/button&gt;
&lt;/div&gt;

  
&lt;/div&gt;
&lt;table&gt;
  &lt;thead&gt;
      &lt;tr&gt;
          &lt;th&gt;Syntax&lt;/th&gt;
          &lt;th&gt;Description&lt;/th&gt;
      &lt;/tr&gt;
  &lt;/thead&gt;
  &lt;tbody&gt;
      &lt;tr&gt;
          &lt;td&gt;Header&lt;/td&gt;
          &lt;td&gt;Title&lt;/td&gt;
      &lt;/tr&gt;
      &lt;tr&gt;
          &lt;td&gt;Paragraph&lt;/td&gt;
          &lt;td&gt;Text&lt;/td&gt;
      &lt;/tr&gt;
  &lt;/tbody&gt;
&lt;/table&gt;
&lt;h2&gt;References&lt;span class=&#34;hx-absolute -hx-mt-20&#34; id=&#34;references&#34;&gt;&lt;/span&gt;
    &lt;a href=&#34;#references&#34; class=&#34;subheading-anchor&#34; aria-label=&#34;Permalink for this section&#34;&gt;&lt;/a&gt;&lt;/h2&gt;&lt;ul&gt;
&lt;li&gt;&lt;a href=&#34;https://www.markdownguide.org/basic-syntax/&#34; target=&#34;_blank&#34; rel=&#34;noopener&#34;&gt;Markdown Syntax&lt;/a&gt;&lt;/li&gt;
&lt;li&gt;&lt;a href=&#34;https://gohugo.io/content-management/formats/#markdown&#34; target=&#34;_blank&#34; rel=&#34;noopener&#34;&gt;Hugo Markdown&lt;/a&gt;&lt;/li&gt;
&lt;/ul&gt;
      </description>
    </item>
    
  </channel>
</rss>
