<rss version="2.0" xmlns:atom="http://www.w3.org/2005/Atom">
  <channel>
    <title>Nancynesia – Tags</title>
    <link>https://nancynesia.com/tags/</link>
    <description>Recent content in Tags on Nancynesia</description>
    <generator>Hugo -- gohugo.io</generator>
    <language>en-us</language>
    <lastBuildDate>Fri, 13 Dec 2024 00:00:00 +0000</lastBuildDate>
    
	  <atom:link href="https://nancynesia.com/tags/index.xml" rel="self" type="application/rss+xml" />
    
    
      
        
      
    
    
  </channel>
</rss>
