<rss version="2.0" xmlns:atom="http://www.w3.org/2005/Atom">
  <channel>
    <title>Nancynesia – Coding</title>
    <link>https://nancynesia.com/docs/coding/</link>
    <description>Recent content in Coding on Nancynesia</description>
    <generator>Hugo -- gohugo.io</generator>
    <language>en-us</language>
    
	  <atom:link href="https://nancynesia.com/docs/coding/index.xml" rel="self" type="application/rss+xml" />
    
    
      
        
      
    
    
    <item>
      <title></title>
      <link>https://nancynesia.com/docs/coding/android_projects/</link>
      <pubDate>Mon, 01 Jan 0001 00:00:00 +0000</pubDate>
      
      <guid>https://nancynesia.com/docs/coding/android_projects/</guid>
      <description>
        
        
        
      </description>
    </item>
    
    <item>
      <title></title>
      <link>https://nancynesia.com/docs/coding/android_studio_jetpack_compose/</link>
      <pubDate>Mon, 01 Jan 0001 00:00:00 +0000</pubDate>
      
      <guid>https://nancynesia.com/docs/coding/android_studio_jetpack_compose/</guid>
      <description>
        
        
        
      </description>
    </item>
    
    <item>
      <title></title>
      <link>https://nancynesia.com/docs/coding/coding_tools/</link>
      <pubDate>Mon, 01 Jan 0001 00:00:00 +0000</pubDate>
      
      <guid>https://nancynesia.com/docs/coding/coding_tools/</guid>
      <description>
        
        
        
      </description>
    </item>
    
    <item>
      <title></title>
      <link>https://nancynesia.com/docs/coding/computational/</link>
      <pubDate>Mon, 01 Jan 0001 00:00:00 +0000</pubDate>
      
      <guid>https://nancynesia.com/docs/coding/computational/</guid>
      <description>
        
        
        
      </description>
    </item>
    
    <item>
      <title></title>
      <link>https://nancynesia.com/docs/coding/devops_fundamentals/</link>
      <pubDate>Mon, 01 Jan 0001 00:00:00 +0000</pubDate>
      
      <guid>https://nancynesia.com/docs/coding/devops_fundamentals/</guid>
      <description>
        
        
        
      </description>
    </item>
    
    <item>
      <title></title>
      <link>https://nancynesia.com/docs/coding/java_oop/</link>
      <pubDate>Mon, 01 Jan 0001 00:00:00 +0000</pubDate>
      
      <guid>https://nancynesia.com/docs/coding/java_oop/</guid>
      <description>
        
        
        
      </description>
    </item>
    
    <item>
      <title></title>
      <link>https://nancynesia.com/docs/coding/mysql/</link>
      <pubDate>Mon, 01 Jan 0001 00:00:00 +0000</pubDate>
      
      <guid>https://nancynesia.com/docs/coding/mysql/</guid>
      <description>
        
        
        
      </description>
    </item>
    
    <item>
      <title></title>
      <link>https://nancynesia.com/docs/coding/php_oop/</link>
      <pubDate>Mon, 01 Jan 0001 00:00:00 +0000</pubDate>
      
      <guid>https://nancynesia.com/docs/coding/php_oop/</guid>
      <description>
        
        
        
      </description>
    </item>
    
    <item>
      <title>Python Fundamental</title>
      <link>https://nancynesia.com/docs/coding/python_fundamentals/</link>
      <pubDate>Mon, 01 Jan 0001 00:00:00 +0000</pubDate>
      
      <guid>https://nancynesia.com/docs/coding/python_fundamentals/</guid>
      <description>
        
        
        &lt;p&gt;Halaman ini mencakup dasar-dasar bahasa pemrograman Python. Anda akan menemukan panduan, contoh, dan tutorial sederhana yang dirancang untuk membantu pemula memahami konsep utama Python.&lt;/p&gt;
&lt;h2&gt;Daftar Isi&lt;span class=&#34;hx-absolute -hx-mt-20&#34; id=&#34;daftar-isi&#34;&gt;&lt;/span&gt;
    &lt;a href=&#34;#daftar-isi&#34; class=&#34;subheading-anchor&#34; aria-label=&#34;Permalink for this section&#34;&gt;&lt;/a&gt;&lt;/h2&gt;&lt;div class=&#34;hextra-cards hx-mt-4 hx-gap-4 hx-grid not-prose&#34; style=&#34;--hextra-cards-grid-cols: 3;&#34;&gt;
&lt;a
  class=&#34;hextra-card hx-group hx-flex hx-flex-col hx-justify-start hx-overflow-hidden hx-rounded-lg hx-border hx-border-gray-200 hx-text-current hx-no-underline dark:hx-shadow-none hover:hx-shadow-gray-100 dark:hover:hx-shadow-none hx-shadow-gray-100 active:hx-shadow-sm active:hx-shadow-gray-200 hx-transition-all hx-duration-200 hover:hx-border-gray-300 hx-bg-transparent hx-shadow-sm dark:hx-border-neutral-800 hover:hx-bg-slate-50 hover:hx-shadow-md dark:hover:hx-border-neutral-700 dark:hover:hx-bg-neutral-900&#34;href=&#34;./python_hello_world/&#34;
    &gt;&lt;span class=&#34;hextra-card-icon hx-flex hx-font-semibold hx-items-start hx-gap-2 hx-p-4 hx-text-gray-700 hover:hx-text-gray-900 dark:hx-text-neutral-200 dark:hover:hx-text-neutral-50&#34;&gt;&lt;svg xmlns=&#34;http://www.w3.org/2000/svg&#34; fill=&#34;none&#34; viewBox=&#34;0 0 24 24&#34; stroke-width=&#34;2&#34; stroke=&#34;currentColor&#34; aria-hidden=&#34;true&#34;&gt;&lt;path stroke-linecap=&#34;round&#34; stroke-linejoin=&#34;round&#34; d=&#34;M9 12h6m-6 4h6m2 5H7a2 2 0 01-2-2V5a2 2 0 012-2h5.586a1 1 0 01.707.293l5.414 5.414a1 1 0 01.293.707V19a2 2 0 01-2 2z&#34;/&gt;&lt;/svg&gt;Python Hello World&lt;/span&gt;&lt;/a&gt;
&lt;/div&gt;


      </description>
    </item>
    
  </channel>
</rss>
