<rss version="2.0" xmlns:atom="http://www.w3.org/2005/Atom">
  <channel>
    <title>Nancynesia – Hacking Intermediate</title>
    <link>http://localhost:1313/docs/hacking/hacking_intermediate/</link>
    <description>Recent content in Hacking Intermediate on Nancynesia</description>
    <generator>Hugo -- gohugo.io</generator>
    <language>en-us</language>
    
	  <atom:link href="http://localhost:1313/docs/hacking/hacking_intermediate/index.xml" rel="self" type="application/rss+xml" />
    
    
      
        
      
    
    
    <item>
      <title>404</title>
      <link>http://localhost:1313/docs/hacking/hacking_intermediate/definisi_ethical_hacking/</link>
      <pubDate>Mon, 01 Jan 0001 00:00:00 +0000</pubDate>
      
      <guid>http://localhost:1313/docs/hacking/hacking_intermediate/definisi_ethical_hacking/</guid>
      <description>
        
        
        &lt;p&gt;Catatan masih kosong, Akan segera diisi&lt;/p&gt;
&lt;!-- raw HTML omitted --&gt;
&lt;!-- raw HTML omitted --&gt;
&lt;!-- raw HTML omitted --&gt;
&lt;!-- raw HTML omitted --&gt;
&lt;!-- raw HTML omitted --&gt;
&lt;!-- raw HTML omitted --&gt;
&lt;!-- raw HTML omitted --&gt;
&lt;!-- raw HTML omitted --&gt;
&lt;!-- raw HTML omitted --&gt;
&lt;!-- raw HTML omitted --&gt;
&lt;!-- raw HTML omitted --&gt;
&lt;!-- raw HTML omitted --&gt;
&lt;!-- raw HTML omitted --&gt;
&lt;!-- raw HTML omitted --&gt;
&lt;!-- raw HTML omitted --&gt;
&lt;!-- raw HTML omitted --&gt;
&lt;!-- raw HTML omitted --&gt;
&lt;!-- raw HTML omitted --&gt;
&lt;!-- raw HTML omitted --&gt;
&lt;!-- raw HTML omitted --&gt;
&lt;!-- raw HTML omitted --&gt;
&lt;!-- raw HTML omitted --&gt;
&lt;!-- raw HTML omitted --&gt;
&lt;!-- raw HTML omitted --&gt;
&lt;!-- raw HTML omitted --&gt;
&lt;!-- raw HTML omitted --&gt;

      </description>
    </item>
    
  </channel>
</rss>
