<rss version="2.0" xmlns:atom="http://www.w3.org/2005/Atom">
  <channel>
    <title>Nancynesia – Zsh</title>
    <link>https://nancynesia.com/tags/zsh/</link>
    <description>Recent content in Zsh on Nancynesia</description>
    <generator>Hugo -- gohugo.io</generator>
    <language>en-us</language>
    <lastBuildDate>Mon, 09 Dec 2024 00:00:00 +0000</lastBuildDate>
    
	  <atom:link href="https://nancynesia.com/tags/zsh/index.xml" rel="self" type="application/rss+xml" />
    
    
      
        
      
    
    
    <item>
      <title>Fix Syntax Highlighting tidak aktif di Terminal Kali Linux</title>
      <link>https://nancynesia.com/blog/fix-syntax-highlighting-terminal-kali-linux/</link>
      <pubDate>Mon, 09 Dec 2024 00:00:00 +0000</pubDate>
      
      <guid>https://nancynesia.com/blog/fix-syntax-highlighting-terminal-kali-linux/</guid>
      <description>
        
        
        &lt;h2&gt;Langkah untuk Menambahkan ZSH Syntax Highlighting&lt;span class=&#34;hx-absolute -hx-mt-20&#34; id=&#34;langkah-untuk-menambahkan-zsh-syntax-highlighting&#34;&gt;&lt;/span&gt;
    &lt;a href=&#34;#langkah-untuk-menambahkan-zsh-syntax-highlighting&#34; class=&#34;subheading-anchor&#34; aria-label=&#34;Permalink for this section&#34;&gt;&lt;/a&gt;&lt;/h2&gt;&lt;p&gt;Berikut adalah langkah-langkah untuk menambahkan &lt;code&gt;zsh-syntax-highlighting&lt;/code&gt; di Zsh agar fitur syntax highlighting dapat aktif:&lt;/p&gt;
&lt;h3&gt;1. Instal &lt;code&gt;zsh-syntax-highlighting&lt;/code&gt;&lt;span class=&#34;hx-absolute -hx-mt-20&#34; id=&#34;1-instal-zsh-syntax-highlighting&#34;&gt;&lt;/span&gt;
    &lt;a href=&#34;#1-instal-zsh-syntax-highlighting&#34; class=&#34;subheading-anchor&#34; aria-label=&#34;Permalink for this section&#34;&gt;&lt;/a&gt;&lt;/h3&gt;&lt;p&gt;Pastikan &lt;code&gt;zsh-syntax-highlighting&lt;/code&gt; diinstal terlebih dahulu. Jalankan perintah berikut di terminal Anda:&lt;/p&gt;
&lt;div class=&#34;hextra-code-block hx-relative hx-mt-6 first:hx-mt-0 hx-group/code&#34;&gt;
  

&lt;div&gt;&lt;div class=&#34;highlight&#34;&gt;&lt;pre tabindex=&#34;0&#34; style=&#34;color:#f8f8f2;background-color:#272822;-moz-tab-size:4;-o-tab-size:4;tab-size:4;&#34;&gt;&lt;code class=&#34;language-bash&#34; data-lang=&#34;bash&#34;&gt;&lt;span style=&#34;display:flex;&#34;&gt;&lt;span&gt;sudo apt install zsh-syntax-highlighting&lt;/span&gt;&lt;/span&gt;&lt;/code&gt;&lt;/pre&gt;&lt;/div&gt;&lt;/div&gt;&lt;div class=&#34;hextra-code-copy-btn-container hx-opacity-0 hx-transition group-hover/code:hx-opacity-100 hx-flex hx-gap-1 hx-absolute hx-m-[11px] hx-right-0 hx-top-0&#34;&gt;
  &lt;button
    class=&#34;hextra-code-copy-btn hx-group/copybtn hx-transition-all active:hx-opacity-50 hx-bg-primary-700/5 hx-border hx-border-black/5 hx-text-gray-600 hover:hx-text-gray-900 hx-rounded-md hx-p-1.5 dark:hx-bg-primary-300/10 dark:hx-border-white/10 dark:hx-text-gray-400 dark:hover:hx-text-gray-50&#34;
    title=&#34;Copy code&#34;
  &gt;
    &lt;div class=&#34;copy-icon group-[.copied]/copybtn:hx-hidden hx-pointer-events-none hx-h-4 hx-w-4&#34;&gt;&lt;/div&gt;
    &lt;div class=&#34;success-icon hx-hidden group-[.copied]/copybtn:hx-block hx-pointer-events-none hx-h-4 hx-w-4&#34;&gt;&lt;/div&gt;
  &lt;/button&gt;
&lt;/div&gt;

  
&lt;/div&gt;
&lt;h3&gt;2. Tambahkan &lt;code&gt;source&lt;/code&gt; di &lt;code&gt;~/.zshrc&lt;/code&gt;&lt;span class=&#34;hx-absolute -hx-mt-20&#34; id=&#34;2-tambahkan-source-di-zshrc&#34;&gt;&lt;/span&gt;
    &lt;a href=&#34;#2-tambahkan-source-di-zshrc&#34; class=&#34;subheading-anchor&#34; aria-label=&#34;Permalink for this section&#34;&gt;&lt;/a&gt;&lt;/h3&gt;&lt;p&gt;Untuk mengaktifkan &lt;code&gt;zsh-syntax-highlighting&lt;/code&gt;, buka file &lt;code&gt;~/.zshrc&lt;/code&gt; dengan editor teks favorit Anda, misalnya &lt;code&gt;nano&lt;/code&gt; atau &lt;code&gt;vim&lt;/code&gt;:&lt;/p&gt;
&lt;div class=&#34;hextra-code-block hx-relative hx-mt-6 first:hx-mt-0 hx-group/code&#34;&gt;
  

&lt;div&gt;&lt;div class=&#34;highlight&#34;&gt;&lt;pre tabindex=&#34;0&#34; style=&#34;color:#f8f8f2;background-color:#272822;-moz-tab-size:4;-o-tab-size:4;tab-size:4;&#34;&gt;&lt;code class=&#34;language-bash&#34; data-lang=&#34;bash&#34;&gt;&lt;span style=&#34;display:flex;&#34;&gt;&lt;span&gt;nano ~/.zshrc&lt;/span&gt;&lt;/span&gt;&lt;/code&gt;&lt;/pre&gt;&lt;/div&gt;&lt;/div&gt;&lt;div class=&#34;hextra-code-copy-btn-container hx-opacity-0 hx-transition group-hover/code:hx-opacity-100 hx-flex hx-gap-1 hx-absolute hx-m-[11px] hx-right-0 hx-top-0&#34;&gt;
  &lt;button
    class=&#34;hextra-code-copy-btn hx-group/copybtn hx-transition-all active:hx-opacity-50 hx-bg-primary-700/5 hx-border hx-border-black/5 hx-text-gray-600 hover:hx-text-gray-900 hx-rounded-md hx-p-1.5 dark:hx-bg-primary-300/10 dark:hx-border-white/10 dark:hx-text-gray-400 dark:hover:hx-text-gray-50&#34;
    title=&#34;Copy code&#34;
  &gt;
    &lt;div class=&#34;copy-icon group-[.copied]/copybtn:hx-hidden hx-pointer-events-none hx-h-4 hx-w-4&#34;&gt;&lt;/div&gt;
    &lt;div class=&#34;success-icon hx-hidden group-[.copied]/copybtn:hx-block hx-pointer-events-none hx-h-4 hx-w-4&#34;&gt;&lt;/div&gt;
  &lt;/button&gt;
&lt;/div&gt;

  
&lt;/div&gt;
&lt;p&gt;Kemudian tambahkan baris berikut di akhir file &lt;code&gt;~/.zshrc&lt;/code&gt;:&lt;/p&gt;
&lt;div class=&#34;hextra-code-block hx-relative hx-mt-6 first:hx-mt-0 hx-group/code&#34;&gt;
  

&lt;div&gt;&lt;div class=&#34;highlight&#34;&gt;&lt;pre tabindex=&#34;0&#34; style=&#34;color:#f8f8f2;background-color:#272822;-moz-tab-size:4;-o-tab-size:4;tab-size:4;&#34;&gt;&lt;code class=&#34;language-bash&#34; data-lang=&#34;bash&#34;&gt;&lt;span style=&#34;display:flex;&#34;&gt;&lt;span&gt;source /usr/share/zsh-syntax-highlighting/zsh-syntax-highlighting.zsh&lt;/span&gt;&lt;/span&gt;&lt;/code&gt;&lt;/pre&gt;&lt;/div&gt;&lt;/div&gt;&lt;div class=&#34;hextra-code-copy-btn-container hx-opacity-0 hx-transition group-hover/code:hx-opacity-100 hx-flex hx-gap-1 hx-absolute hx-m-[11px] hx-right-0 hx-top-0&#34;&gt;
  &lt;button
    class=&#34;hextra-code-copy-btn hx-group/copybtn hx-transition-all active:hx-opacity-50 hx-bg-primary-700/5 hx-border hx-border-black/5 hx-text-gray-600 hover:hx-text-gray-900 hx-rounded-md hx-p-1.5 dark:hx-bg-primary-300/10 dark:hx-border-white/10 dark:hx-text-gray-400 dark:hover:hx-text-gray-50&#34;
    title=&#34;Copy code&#34;
  &gt;
    &lt;div class=&#34;copy-icon group-[.copied]/copybtn:hx-hidden hx-pointer-events-none hx-h-4 hx-w-4&#34;&gt;&lt;/div&gt;
    &lt;div class=&#34;success-icon hx-hidden group-[.copied]/copybtn:hx-block hx-pointer-events-none hx-h-4 hx-w-4&#34;&gt;&lt;/div&gt;
  &lt;/button&gt;
&lt;/div&gt;

  
&lt;/div&gt;
&lt;p&gt;Simpan dan tutup file tersebut. (Jika menggunakan &lt;code&gt;nano&lt;/code&gt;, tekan &lt;code&gt;CTRL + X&lt;/code&gt;, lalu &lt;code&gt;Y&lt;/code&gt;, dan tekan &lt;code&gt;Enter&lt;/code&gt;).&lt;/p&gt;
&lt;h3&gt;3. Terapkan Perubahan&lt;span class=&#34;hx-absolute -hx-mt-20&#34; id=&#34;3-terapkan-perubahan&#34;&gt;&lt;/span&gt;
    &lt;a href=&#34;#3-terapkan-perubahan&#34; class=&#34;subheading-anchor&#34; aria-label=&#34;Permalink for this section&#34;&gt;&lt;/a&gt;&lt;/h3&gt;&lt;p&gt;Setelah menambahkan baris tersebut, jalankan perintah berikut agar perubahan diterapkan:&lt;/p&gt;
&lt;div class=&#34;hextra-code-block hx-relative hx-mt-6 first:hx-mt-0 hx-group/code&#34;&gt;
  

&lt;div&gt;&lt;div class=&#34;highlight&#34;&gt;&lt;pre tabindex=&#34;0&#34; style=&#34;color:#f8f8f2;background-color:#272822;-moz-tab-size:4;-o-tab-size:4;tab-size:4;&#34;&gt;&lt;code class=&#34;language-bash&#34; data-lang=&#34;bash&#34;&gt;&lt;span style=&#34;display:flex;&#34;&gt;&lt;span&gt;source ~/.zshrc&lt;/span&gt;&lt;/span&gt;&lt;/code&gt;&lt;/pre&gt;&lt;/div&gt;&lt;/div&gt;&lt;div class=&#34;hextra-code-copy-btn-container hx-opacity-0 hx-transition group-hover/code:hx-opacity-100 hx-flex hx-gap-1 hx-absolute hx-m-[11px] hx-right-0 hx-top-0&#34;&gt;
  &lt;button
    class=&#34;hextra-code-copy-btn hx-group/copybtn hx-transition-all active:hx-opacity-50 hx-bg-primary-700/5 hx-border hx-border-black/5 hx-text-gray-600 hover:hx-text-gray-900 hx-rounded-md hx-p-1.5 dark:hx-bg-primary-300/10 dark:hx-border-white/10 dark:hx-text-gray-400 dark:hover:hx-text-gray-50&#34;
    title=&#34;Copy code&#34;
  &gt;
    &lt;div class=&#34;copy-icon group-[.copied]/copybtn:hx-hidden hx-pointer-events-none hx-h-4 hx-w-4&#34;&gt;&lt;/div&gt;
    &lt;div class=&#34;success-icon hx-hidden group-[.copied]/copybtn:hx-block hx-pointer-events-none hx-h-4 hx-w-4&#34;&gt;&lt;/div&gt;
  &lt;/button&gt;
&lt;/div&gt;

  
&lt;/div&gt;
&lt;h3&gt;4. Mengatasi Error Jika Menggunakan Bash&lt;span class=&#34;hx-absolute -hx-mt-20&#34; id=&#34;4-mengatasi-error-jika-menggunakan-bash&#34;&gt;&lt;/span&gt;
    &lt;a href=&#34;#4-mengatasi-error-jika-menggunakan-bash&#34; class=&#34;subheading-anchor&#34; aria-label=&#34;Permalink for this section&#34;&gt;&lt;/a&gt;&lt;/h3&gt;&lt;p&gt;Jika Anda mendapatkan error saat menjalankan &lt;code&gt;source ~/.zshrc&lt;/code&gt;, berarti Anda mungkin menggunakan shell &lt;code&gt;bash&lt;/code&gt;, bukan &lt;code&gt;zsh&lt;/code&gt;. Berikut solusi untuk masalah ini:&lt;/p&gt;
&lt;ol&gt;
&lt;li&gt;
&lt;p&gt;&lt;strong&gt;Masuk ke Zsh&lt;/strong&gt;: Anda perlu memastikan bahwa Anda menjalankan shell &lt;code&gt;zsh&lt;/code&gt; saat mengaktifkan konfigurasi &lt;code&gt;~/.zshrc&lt;/code&gt;. Jika Anda menggunakan &lt;code&gt;bash&lt;/code&gt;, perintah-perintah Zsh tidak akan dikenali. Cobalah untuk masuk ke Zsh dengan mengetikkan perintah berikut di terminal:&lt;/p&gt;
&lt;div class=&#34;hextra-code-block hx-relative hx-mt-6 first:hx-mt-0 hx-group/code&#34;&gt;
  

&lt;div&gt;&lt;div class=&#34;highlight&#34;&gt;&lt;pre tabindex=&#34;0&#34; style=&#34;color:#f8f8f2;background-color:#272822;-moz-tab-size:4;-o-tab-size:4;tab-size:4;&#34;&gt;&lt;code class=&#34;language-bash&#34; data-lang=&#34;bash&#34;&gt;&lt;span style=&#34;display:flex;&#34;&gt;&lt;span&gt;zsh&lt;/span&gt;&lt;/span&gt;&lt;/code&gt;&lt;/pre&gt;&lt;/div&gt;&lt;/div&gt;&lt;div class=&#34;hextra-code-copy-btn-container hx-opacity-0 hx-transition group-hover/code:hx-opacity-100 hx-flex hx-gap-1 hx-absolute hx-m-[11px] hx-right-0 hx-top-0&#34;&gt;
  &lt;button
    class=&#34;hextra-code-copy-btn hx-group/copybtn hx-transition-all active:hx-opacity-50 hx-bg-primary-700/5 hx-border hx-border-black/5 hx-text-gray-600 hover:hx-text-gray-900 hx-rounded-md hx-p-1.5 dark:hx-bg-primary-300/10 dark:hx-border-white/10 dark:hx-text-gray-400 dark:hover:hx-text-gray-50&#34;
    title=&#34;Copy code&#34;
  &gt;
    &lt;div class=&#34;copy-icon group-[.copied]/copybtn:hx-hidden hx-pointer-events-none hx-h-4 hx-w-4&#34;&gt;&lt;/div&gt;
    &lt;div class=&#34;success-icon hx-hidden group-[.copied]/copybtn:hx-block hx-pointer-events-none hx-h-4 hx-w-4&#34;&gt;&lt;/div&gt;
  &lt;/button&gt;
&lt;/div&gt;

  
&lt;/div&gt;
&lt;/li&gt;
&lt;li&gt;
&lt;p&gt;&lt;strong&gt;Jalankan &lt;code&gt;source ~/.zshrc&lt;/code&gt;&lt;/strong&gt;: Setelah masuk ke Zsh, jalankan:&lt;/p&gt;
&lt;div class=&#34;hextra-code-block hx-relative hx-mt-6 first:hx-mt-0 hx-group/code&#34;&gt;
  

&lt;div&gt;&lt;div class=&#34;highlight&#34;&gt;&lt;pre tabindex=&#34;0&#34; style=&#34;color:#f8f8f2;background-color:#272822;-moz-tab-size:4;-o-tab-size:4;tab-size:4;&#34;&gt;&lt;code class=&#34;language-bash&#34; data-lang=&#34;bash&#34;&gt;&lt;span style=&#34;display:flex;&#34;&gt;&lt;span&gt;source ~/.zshrc&lt;/span&gt;&lt;/span&gt;&lt;/code&gt;&lt;/pre&gt;&lt;/div&gt;&lt;/div&gt;&lt;div class=&#34;hextra-code-copy-btn-container hx-opacity-0 hx-transition group-hover/code:hx-opacity-100 hx-flex hx-gap-1 hx-absolute hx-m-[11px] hx-right-0 hx-top-0&#34;&gt;
  &lt;button
    class=&#34;hextra-code-copy-btn hx-group/copybtn hx-transition-all active:hx-opacity-50 hx-bg-primary-700/5 hx-border hx-border-black/5 hx-text-gray-600 hover:hx-text-gray-900 hx-rounded-md hx-p-1.5 dark:hx-bg-primary-300/10 dark:hx-border-white/10 dark:hx-text-gray-400 dark:hover:hx-text-gray-50&#34;
    title=&#34;Copy code&#34;
  &gt;
    &lt;div class=&#34;copy-icon group-[.copied]/copybtn:hx-hidden hx-pointer-events-none hx-h-4 hx-w-4&#34;&gt;&lt;/div&gt;
    &lt;div class=&#34;success-icon hx-hidden group-[.copied]/copybtn:hx-block hx-pointer-events-none hx-h-4 hx-w-4&#34;&gt;&lt;/div&gt;
  &lt;/button&gt;
&lt;/div&gt;

  
&lt;/div&gt;
&lt;/li&gt;
&lt;/ol&gt;
&lt;h3&gt;5. Instal Zsh dan Ubah Shell Default&lt;span class=&#34;hx-absolute -hx-mt-20&#34; id=&#34;5-instal-zsh-dan-ubah-shell-default&#34;&gt;&lt;/span&gt;
    &lt;a href=&#34;#5-instal-zsh-dan-ubah-shell-default&#34; class=&#34;subheading-anchor&#34; aria-label=&#34;Permalink for this section&#34;&gt;&lt;/a&gt;&lt;/h3&gt;&lt;p&gt;Jika Zsh belum diinstal, instal dengan perintah berikut:&lt;/p&gt;
&lt;div class=&#34;hextra-code-block hx-relative hx-mt-6 first:hx-mt-0 hx-group/code&#34;&gt;
  

&lt;div&gt;&lt;div class=&#34;highlight&#34;&gt;&lt;pre tabindex=&#34;0&#34; style=&#34;color:#f8f8f2;background-color:#272822;-moz-tab-size:4;-o-tab-size:4;tab-size:4;&#34;&gt;&lt;code class=&#34;language-bash&#34; data-lang=&#34;bash&#34;&gt;&lt;span style=&#34;display:flex;&#34;&gt;&lt;span&gt;sudo apt install zsh&lt;/span&gt;&lt;/span&gt;&lt;/code&gt;&lt;/pre&gt;&lt;/div&gt;&lt;/div&gt;&lt;div class=&#34;hextra-code-copy-btn-container hx-opacity-0 hx-transition group-hover/code:hx-opacity-100 hx-flex hx-gap-1 hx-absolute hx-m-[11px] hx-right-0 hx-top-0&#34;&gt;
  &lt;button
    class=&#34;hextra-code-copy-btn hx-group/copybtn hx-transition-all active:hx-opacity-50 hx-bg-primary-700/5 hx-border hx-border-black/5 hx-text-gray-600 hover:hx-text-gray-900 hx-rounded-md hx-p-1.5 dark:hx-bg-primary-300/10 dark:hx-border-white/10 dark:hx-text-gray-400 dark:hover:hx-text-gray-50&#34;
    title=&#34;Copy code&#34;
  &gt;
    &lt;div class=&#34;copy-icon group-[.copied]/copybtn:hx-hidden hx-pointer-events-none hx-h-4 hx-w-4&#34;&gt;&lt;/div&gt;
    &lt;div class=&#34;success-icon hx-hidden group-[.copied]/copybtn:hx-block hx-pointer-events-none hx-h-4 hx-w-4&#34;&gt;&lt;/div&gt;
  &lt;/button&gt;
&lt;/div&gt;

  
&lt;/div&gt;
&lt;p&gt;Kemudian ubah shell default Anda menjadi Zsh dengan perintah:&lt;/p&gt;
&lt;div class=&#34;hextra-code-block hx-relative hx-mt-6 first:hx-mt-0 hx-group/code&#34;&gt;
  

&lt;div&gt;&lt;div class=&#34;highlight&#34;&gt;&lt;pre tabindex=&#34;0&#34; style=&#34;color:#f8f8f2;background-color:#272822;-moz-tab-size:4;-o-tab-size:4;tab-size:4;&#34;&gt;&lt;code class=&#34;language-bash&#34; data-lang=&#34;bash&#34;&gt;&lt;span style=&#34;display:flex;&#34;&gt;&lt;span&gt;chsh -s &lt;span style=&#34;color:#66d9ef&#34;&gt;$(&lt;/span&gt;which zsh&lt;span style=&#34;color:#66d9ef&#34;&gt;)&lt;/span&gt;&lt;/span&gt;&lt;/span&gt;&lt;/code&gt;&lt;/pre&gt;&lt;/div&gt;&lt;/div&gt;&lt;div class=&#34;hextra-code-copy-btn-container hx-opacity-0 hx-transition group-hover/code:hx-opacity-100 hx-flex hx-gap-1 hx-absolute hx-m-[11px] hx-right-0 hx-top-0&#34;&gt;
  &lt;button
    class=&#34;hextra-code-copy-btn hx-group/copybtn hx-transition-all active:hx-opacity-50 hx-bg-primary-700/5 hx-border hx-border-black/5 hx-text-gray-600 hover:hx-text-gray-900 hx-rounded-md hx-p-1.5 dark:hx-bg-primary-300/10 dark:hx-border-white/10 dark:hx-text-gray-400 dark:hover:hx-text-gray-50&#34;
    title=&#34;Copy code&#34;
  &gt;
    &lt;div class=&#34;copy-icon group-[.copied]/copybtn:hx-hidden hx-pointer-events-none hx-h-4 hx-w-4&#34;&gt;&lt;/div&gt;
    &lt;div class=&#34;success-icon hx-hidden group-[.copied]/copybtn:hx-block hx-pointer-events-none hx-h-4 hx-w-4&#34;&gt;&lt;/div&gt;
  &lt;/button&gt;
&lt;/div&gt;

  
&lt;/div&gt;
&lt;p&gt;Log out dan log in kembali untuk menerapkan perubahan ini.&lt;/p&gt;
&lt;h2&gt;Mengapa Masalah Ini Terjadi?&lt;span class=&#34;hx-absolute -hx-mt-20&#34; id=&#34;mengapa-masalah-ini-terjadi&#34;&gt;&lt;/span&gt;
    &lt;a href=&#34;#mengapa-masalah-ini-terjadi&#34; class=&#34;subheading-anchor&#34; aria-label=&#34;Permalink for this section&#34;&gt;&lt;/a&gt;&lt;/h2&gt;&lt;h3&gt;Perbedaan Sintaks&lt;span class=&#34;hx-absolute -hx-mt-20&#34; id=&#34;perbedaan-sintaks&#34;&gt;&lt;/span&gt;
    &lt;a href=&#34;#perbedaan-sintaks&#34; class=&#34;subheading-anchor&#34; aria-label=&#34;Permalink for this section&#34;&gt;&lt;/a&gt;&lt;/h3&gt;&lt;p&gt;Bash dan Zsh memiliki perbedaan sintaks dan fitur. Perintah seperti &lt;code&gt;autoload&lt;/code&gt;, &lt;code&gt;compinit&lt;/code&gt;, dan &lt;code&gt;zstyle&lt;/code&gt; adalah spesifik untuk Zsh, sehingga tidak akan dikenali oleh bash.&lt;/p&gt;
&lt;h3&gt;File Konfigurasi&lt;span class=&#34;hx-absolute -hx-mt-20&#34; id=&#34;file-konfigurasi&#34;&gt;&lt;/span&gt;
    &lt;a href=&#34;#file-konfigurasi&#34; class=&#34;subheading-anchor&#34; aria-label=&#34;Permalink for this section&#34;&gt;&lt;/a&gt;&lt;/h3&gt;&lt;p&gt;&lt;code&gt;~/.zshrc&lt;/code&gt; adalah file konfigurasi untuk Zsh, sedangkan bash menggunakan &lt;code&gt;~/.bashrc&lt;/code&gt; atau &lt;code&gt;~/.bash_profile&lt;/code&gt;.&lt;/p&gt;
      </description>
    </item>
    
  </channel>
</rss>
