<rss version="2.0" xmlns:atom="http://www.w3.org/2005/Atom">
  <channel>
    <title>Nancynesia – </title>
    <link>https://nancynesia.com/docs/coding/php_oop/</link>
    <description>Recent content on Nancynesia</description>
    <generator>Hugo -- gohugo.io</generator>
    <language>en-us</language>
    
	  <atom:link href="https://nancynesia.com/docs/coding/php_oop/index.xml" rel="self" type="application/rss+xml" />
    
    
      
        
      
    
    
  </channel>
</rss>
