<rss version="2.0" xmlns:atom="http://www.w3.org/2005/Atom">
  <channel>
    <title>Nancynesia – Hacking</title>
    <link>https://nancynesia.com/docs/hacking/</link>
    <description>Recent content in Hacking on Nancynesia</description>
    <generator>Hugo -- gohugo.io</generator>
    <language>en-us</language>
    
	  <atom:link href="https://nancynesia.com/docs/hacking/index.xml" rel="self" type="application/rss+xml" />
    
    
      
        
      
    
    
    <item>
      <title>Hacking Fundamental</title>
      <link>https://nancynesia.com/docs/hacking/hacking_fundamentals/</link>
      <pubDate>Mon, 01 Jan 0001 00:00:00 +0000</pubDate>
      
      <guid>https://nancynesia.com/docs/hacking/hacking_fundamentals/</guid>
      <description>
        
        
        &lt;p&gt;Halaman ini berisi panduan dan materi tentang dasar-dasar hacking dan keamanan siber. Di sini, Anda akan menemukan tutorial, contoh kasus, dan penjelasan tentang prinsip-prinsip fundamental hacking, termasuk pemrograman untuk keamanan, memahami celah keamanan, serta teknik-teknik yang digunakan untuk mengidentifikasi dan mengatasi potensi risiko.&lt;/p&gt;
&lt;h2&gt;Daftar Isi&lt;span class=&#34;hx-absolute -hx-mt-20&#34; id=&#34;daftar-isi&#34;&gt;&lt;/span&gt;
    &lt;a href=&#34;#daftar-isi&#34; class=&#34;subheading-anchor&#34; aria-label=&#34;Permalink for this section&#34;&gt;&lt;/a&gt;&lt;/h2&gt;&lt;div class=&#34;hextra-cards hx-mt-4 hx-gap-4 hx-grid not-prose&#34; style=&#34;--hextra-cards-grid-cols: 3;&#34;&gt;
&lt;a
  class=&#34;hextra-card hx-group hx-flex hx-flex-col hx-justify-start hx-overflow-hidden hx-rounded-lg hx-border hx-border-gray-200 hx-text-current hx-no-underline dark:hx-shadow-none hover:hx-shadow-gray-100 dark:hover:hx-shadow-none hx-shadow-gray-100 active:hx-shadow-sm active:hx-shadow-gray-200 hx-transition-all hx-duration-200 hover:hx-border-gray-300 hx-bg-transparent hx-shadow-sm dark:hx-border-neutral-800 hover:hx-bg-slate-50 hover:hx-shadow-md dark:hover:hx-border-neutral-700 dark:hover:hx-bg-neutral-900&#34;href=&#34;./definisi_ethical_hacking/&#34;
    &gt;&lt;span class=&#34;hextra-card-icon hx-flex hx-font-semibold hx-items-start hx-gap-2 hx-p-4 hx-text-gray-700 hover:hx-text-gray-900 dark:hx-text-neutral-200 dark:hover:hx-text-neutral-50&#34;&gt;&lt;svg xmlns=&#34;http://www.w3.org/2000/svg&#34; fill=&#34;none&#34; viewBox=&#34;0 0 24 24&#34; stroke-width=&#34;2&#34; stroke=&#34;currentColor&#34; aria-hidden=&#34;true&#34;&gt;&lt;path stroke-linecap=&#34;round&#34; stroke-linejoin=&#34;round&#34; d=&#34;M9 12h6m-6 4h6m2 5H7a2 2 0 01-2-2V5a2 2 0 012-2h5.586a1 1 0 01.707.293l5.414 5.414a1 1 0 01.293.707V19a2 2 0 01-2 2z&#34;/&gt;&lt;/svg&gt;Definisi Ethical Hacking&lt;/span&gt;&lt;/a&gt;
&lt;a
  class=&#34;hextra-card hx-group hx-flex hx-flex-col hx-justify-start hx-overflow-hidden hx-rounded-lg hx-border hx-border-gray-200 hx-text-current hx-no-underline dark:hx-shadow-none hover:hx-shadow-gray-100 dark:hover:hx-shadow-none hx-shadow-gray-100 active:hx-shadow-sm active:hx-shadow-gray-200 hx-transition-all hx-duration-200 hover:hx-border-gray-300 hx-bg-transparent hx-shadow-sm dark:hx-border-neutral-800 hover:hx-bg-slate-50 hover:hx-shadow-md dark:hover:hx-border-neutral-700 dark:hover:hx-bg-neutral-900&#34;href=&#34;./dunia_bawah_di_internet/&#34;
    &gt;&lt;span class=&#34;hextra-card-icon hx-flex hx-font-semibold hx-items-start hx-gap-2 hx-p-4 hx-text-gray-700 hover:hx-text-gray-900 dark:hx-text-neutral-200 dark:hover:hx-text-neutral-50&#34;&gt;&lt;svg xmlns=&#34;http://www.w3.org/2000/svg&#34; fill=&#34;none&#34; viewBox=&#34;0 0 24 24&#34; stroke-width=&#34;2&#34; stroke=&#34;currentColor&#34; aria-hidden=&#34;true&#34;&gt;&lt;path stroke-linecap=&#34;round&#34; stroke-linejoin=&#34;round&#34; d=&#34;M9 12h6m-6 4h6m2 5H7a2 2 0 01-2-2V5a2 2 0 012-2h5.586a1 1 0 01.707.293l5.414 5.414a1 1 0 01.293.707V19a2 2 0 01-2 2z&#34;/&gt;&lt;/svg&gt;Dunia Bawah di Internet&lt;/span&gt;&lt;/a&gt;
&lt;a
  class=&#34;hextra-card hx-group hx-flex hx-flex-col hx-justify-start hx-overflow-hidden hx-rounded-lg hx-border hx-border-gray-200 hx-text-current hx-no-underline dark:hx-shadow-none hover:hx-shadow-gray-100 dark:hover:hx-shadow-none hx-shadow-gray-100 active:hx-shadow-sm active:hx-shadow-gray-200 hx-transition-all hx-duration-200 hover:hx-border-gray-300 hx-bg-transparent hx-shadow-sm dark:hx-border-neutral-800 hover:hx-bg-slate-50 hover:hx-shadow-md dark:hover:hx-border-neutral-700 dark:hover:hx-bg-neutral-900&#34;href=&#34;./etika_dan_hukum_terkait_hacking/&#34;
    &gt;&lt;span class=&#34;hextra-card-icon hx-flex hx-font-semibold hx-items-start hx-gap-2 hx-p-4 hx-text-gray-700 hover:hx-text-gray-900 dark:hx-text-neutral-200 dark:hover:hx-text-neutral-50&#34;&gt;&lt;svg xmlns=&#34;http://www.w3.org/2000/svg&#34; fill=&#34;none&#34; viewBox=&#34;0 0 24 24&#34; stroke-width=&#34;2&#34; stroke=&#34;currentColor&#34; aria-hidden=&#34;true&#34;&gt;&lt;path stroke-linecap=&#34;round&#34; stroke-linejoin=&#34;round&#34; d=&#34;M9 12h6m-6 4h6m2 5H7a2 2 0 01-2-2V5a2 2 0 012-2h5.586a1 1 0 01.707.293l5.414 5.414a1 1 0 01.293.707V19a2 2 0 01-2 2z&#34;/&gt;&lt;/svg&gt;Etika dan Hukum Terkait Hacking&lt;/span&gt;&lt;/a&gt;
&lt;a
  class=&#34;hextra-card hx-group hx-flex hx-flex-col hx-justify-start hx-overflow-hidden hx-rounded-lg hx-border hx-border-gray-200 hx-text-current hx-no-underline dark:hx-shadow-none hover:hx-shadow-gray-100 dark:hover:hx-shadow-none hx-shadow-gray-100 active:hx-shadow-sm active:hx-shadow-gray-200 hx-transition-all hx-duration-200 hover:hx-border-gray-300 hx-bg-transparent hx-shadow-sm dark:hx-border-neutral-800 hover:hx-bg-slate-50 hover:hx-shadow-md dark:hover:hx-border-neutral-700 dark:hover:hx-bg-neutral-900&#34;href=&#34;./fase-penetration-testing/&#34;
    &gt;&lt;span class=&#34;hextra-card-icon hx-flex hx-font-semibold hx-items-start hx-gap-2 hx-p-4 hx-text-gray-700 hover:hx-text-gray-900 dark:hx-text-neutral-200 dark:hover:hx-text-neutral-50&#34;&gt;&lt;svg xmlns=&#34;http://www.w3.org/2000/svg&#34; fill=&#34;none&#34; viewBox=&#34;0 0 24 24&#34; stroke-width=&#34;2&#34; stroke=&#34;currentColor&#34; aria-hidden=&#34;true&#34;&gt;&lt;path stroke-linecap=&#34;round&#34; stroke-linejoin=&#34;round&#34; d=&#34;M9 12h6m-6 4h6m2 5H7a2 2 0 01-2-2V5a2 2 0 012-2h5.586a1 1 0 01.707.293l5.414 5.414a1 1 0 01.293.707V19a2 2 0 01-2 2z&#34;/&gt;&lt;/svg&gt;Fase Penetration Testing&lt;/span&gt;&lt;/a&gt;
&lt;a
  class=&#34;hextra-card hx-group hx-flex hx-flex-col hx-justify-start hx-overflow-hidden hx-rounded-lg hx-border hx-border-gray-200 hx-text-current hx-no-underline dark:hx-shadow-none hover:hx-shadow-gray-100 dark:hover:hx-shadow-none hx-shadow-gray-100 active:hx-shadow-sm active:hx-shadow-gray-200 hx-transition-all hx-duration-200 hover:hx-border-gray-300 hx-bg-transparent hx-shadow-sm dark:hx-border-neutral-800 hover:hx-bg-slate-50 hover:hx-shadow-md dark:hover:hx-border-neutral-700 dark:hover:hx-bg-neutral-900&#34;href=&#34;./metodologi-pentesting/&#34;
    &gt;&lt;span class=&#34;hextra-card-icon hx-flex hx-font-semibold hx-items-start hx-gap-2 hx-p-4 hx-text-gray-700 hover:hx-text-gray-900 dark:hx-text-neutral-200 dark:hover:hx-text-neutral-50&#34;&gt;&lt;svg xmlns=&#34;http://www.w3.org/2000/svg&#34; fill=&#34;none&#34; viewBox=&#34;0 0 24 24&#34; stroke-width=&#34;2&#34; stroke=&#34;currentColor&#34; aria-hidden=&#34;true&#34;&gt;&lt;path stroke-linecap=&#34;round&#34; stroke-linejoin=&#34;round&#34; d=&#34;M9 12h6m-6 4h6m2 5H7a2 2 0 01-2-2V5a2 2 0 012-2h5.586a1 1 0 01.707.293l5.414 5.414a1 1 0 01.293.707V19a2 2 0 01-2 2z&#34;/&gt;&lt;/svg&gt;Metodologi Pentesting&lt;/span&gt;&lt;/a&gt;
&lt;a
  class=&#34;hextra-card hx-group hx-flex hx-flex-col hx-justify-start hx-overflow-hidden hx-rounded-lg hx-border hx-border-gray-200 hx-text-current hx-no-underline dark:hx-shadow-none hover:hx-shadow-gray-100 dark:hover:hx-shadow-none hx-shadow-gray-100 active:hx-shadow-sm active:hx-shadow-gray-200 hx-transition-all hx-duration-200 hover:hx-border-gray-300 hx-bg-transparent hx-shadow-sm dark:hx-border-neutral-800 hover:hx-bg-slate-50 hover:hx-shadow-md dark:hover:hx-border-neutral-700 dark:hover:hx-bg-neutral-900&#34;href=&#34;./peran_dan_tanggung_jawab_ethical_hacker/&#34;
    &gt;&lt;span class=&#34;hextra-card-icon hx-flex hx-font-semibold hx-items-start hx-gap-2 hx-p-4 hx-text-gray-700 hover:hx-text-gray-900 dark:hx-text-neutral-200 dark:hover:hx-text-neutral-50&#34;&gt;&lt;svg xmlns=&#34;http://www.w3.org/2000/svg&#34; fill=&#34;none&#34; viewBox=&#34;0 0 24 24&#34; stroke-width=&#34;2&#34; stroke=&#34;currentColor&#34; aria-hidden=&#34;true&#34;&gt;&lt;path stroke-linecap=&#34;round&#34; stroke-linejoin=&#34;round&#34; d=&#34;M9 12h6m-6 4h6m2 5H7a2 2 0 01-2-2V5a2 2 0 012-2h5.586a1 1 0 01.707.293l5.414 5.414a1 1 0 01.293.707V19a2 2 0 01-2 2z&#34;/&gt;&lt;/svg&gt;Peran dan Tanggung Jawab Ethical Hacker&lt;/span&gt;&lt;/a&gt;
&lt;a
  class=&#34;hextra-card hx-group hx-flex hx-flex-col hx-justify-start hx-overflow-hidden hx-rounded-lg hx-border hx-border-gray-200 hx-text-current hx-no-underline dark:hx-shadow-none hover:hx-shadow-gray-100 dark:hover:hx-shadow-none hx-shadow-gray-100 active:hx-shadow-sm active:hx-shadow-gray-200 hx-transition-all hx-duration-200 hover:hx-border-gray-300 hx-bg-transparent hx-shadow-sm dark:hx-border-neutral-800 hover:hx-bg-slate-50 hover:hx-shadow-md dark:hover:hx-border-neutral-700 dark:hover:hx-bg-neutral-900&#34;href=&#34;./perangkat_tool_dan_lingkungan_kerja_vm-kali-linux/&#34;
    &gt;&lt;span class=&#34;hextra-card-icon hx-flex hx-font-semibold hx-items-start hx-gap-2 hx-p-4 hx-text-gray-700 hover:hx-text-gray-900 dark:hx-text-neutral-200 dark:hover:hx-text-neutral-50&#34;&gt;&lt;svg xmlns=&#34;http://www.w3.org/2000/svg&#34; fill=&#34;none&#34; viewBox=&#34;0 0 24 24&#34; stroke-width=&#34;2&#34; stroke=&#34;currentColor&#34; aria-hidden=&#34;true&#34;&gt;&lt;path stroke-linecap=&#34;round&#34; stroke-linejoin=&#34;round&#34; d=&#34;M9 12h6m-6 4h6m2 5H7a2 2 0 01-2-2V5a2 2 0 012-2h5.586a1 1 0 01.707.293l5.414 5.414a1 1 0 01.293.707V19a2 2 0 01-2 2z&#34;/&gt;&lt;/svg&gt;Perangkat Tool dan Lingkungan Kerja (VM, Kali Linux)&lt;/span&gt;&lt;/a&gt;
&lt;a
  class=&#34;hextra-card hx-group hx-flex hx-flex-col hx-justify-start hx-overflow-hidden hx-rounded-lg hx-border hx-border-gray-200 hx-text-current hx-no-underline dark:hx-shadow-none hover:hx-shadow-gray-100 dark:hover:hx-shadow-none hx-shadow-gray-100 active:hx-shadow-sm active:hx-shadow-gray-200 hx-transition-all hx-duration-200 hover:hx-border-gray-300 hx-bg-transparent hx-shadow-sm dark:hx-border-neutral-800 hover:hx-bg-slate-50 hover:hx-shadow-md dark:hover:hx-border-neutral-700 dark:hover:hx-bg-neutral-900&#34;href=&#34;./sejarah_internet_indonesia/&#34;
    &gt;&lt;span class=&#34;hextra-card-icon hx-flex hx-font-semibold hx-items-start hx-gap-2 hx-p-4 hx-text-gray-700 hover:hx-text-gray-900 dark:hx-text-neutral-200 dark:hover:hx-text-neutral-50&#34;&gt;&lt;svg xmlns=&#34;http://www.w3.org/2000/svg&#34; fill=&#34;none&#34; viewBox=&#34;0 0 24 24&#34; stroke-width=&#34;2&#34; stroke=&#34;currentColor&#34; aria-hidden=&#34;true&#34;&gt;&lt;path stroke-linecap=&#34;round&#34; stroke-linejoin=&#34;round&#34; d=&#34;M9 12h6m-6 4h6m2 5H7a2 2 0 01-2-2V5a2 2 0 012-2h5.586a1 1 0 01.707.293l5.414 5.414a1 1 0 01.293.707V19a2 2 0 01-2 2z&#34;/&gt;&lt;/svg&gt;Sejarah Internet Indonesia&lt;/span&gt;&lt;/a&gt;
&lt;a
  class=&#34;hextra-card hx-group hx-flex hx-flex-col hx-justify-start hx-overflow-hidden hx-rounded-lg hx-border hx-border-gray-200 hx-text-current hx-no-underline dark:hx-shadow-none hover:hx-shadow-gray-100 dark:hover:hx-shadow-none hx-shadow-gray-100 active:hx-shadow-sm active:hx-shadow-gray-200 hx-transition-all hx-duration-200 hover:hx-border-gray-300 hx-bg-transparent hx-shadow-sm dark:hx-border-neutral-800 hover:hx-bg-slate-50 hover:hx-shadow-md dark:hover:hx-border-neutral-700 dark:hover:hx-bg-neutral-900&#34;href=&#34;./memahami-command-injection/&#34;
    &gt;&lt;span class=&#34;hextra-card-icon hx-flex hx-font-semibold hx-items-start hx-gap-2 hx-p-4 hx-text-gray-700 hover:hx-text-gray-900 dark:hx-text-neutral-200 dark:hover:hx-text-neutral-50&#34;&gt;&lt;svg xmlns=&#34;http://www.w3.org/2000/svg&#34; fill=&#34;none&#34; viewBox=&#34;0 0 24 24&#34; stroke-width=&#34;2&#34; stroke=&#34;currentColor&#34; aria-hidden=&#34;true&#34;&gt;&lt;path stroke-linecap=&#34;round&#34; stroke-linejoin=&#34;round&#34; d=&#34;M9 12h6m-6 4h6m2 5H7a2 2 0 01-2-2V5a2 2 0 012-2h5.586a1 1 0 01.707.293l5.414 5.414a1 1 0 01.293.707V19a2 2 0 01-2 2z&#34;/&gt;&lt;/svg&gt;Memahami Command Injection&lt;/span&gt;&lt;/a&gt;
&lt;a
  class=&#34;hextra-card hx-group hx-flex hx-flex-col hx-justify-start hx-overflow-hidden hx-rounded-lg hx-border hx-border-gray-200 hx-text-current hx-no-underline dark:hx-shadow-none hover:hx-shadow-gray-100 dark:hover:hx-shadow-none hx-shadow-gray-100 active:hx-shadow-sm active:hx-shadow-gray-200 hx-transition-all hx-duration-200 hover:hx-border-gray-300 hx-bg-transparent hx-shadow-sm dark:hx-border-neutral-800 hover:hx-bg-slate-50 hover:hx-shadow-md dark:hover:hx-border-neutral-700 dark:hover:hx-bg-neutral-900&#34;href=&#34;./memahami-file-inclusion/&#34;
    &gt;&lt;span class=&#34;hextra-card-icon hx-flex hx-font-semibold hx-items-start hx-gap-2 hx-p-4 hx-text-gray-700 hover:hx-text-gray-900 dark:hx-text-neutral-200 dark:hover:hx-text-neutral-50&#34;&gt;&lt;svg xmlns=&#34;http://www.w3.org/2000/svg&#34; fill=&#34;none&#34; viewBox=&#34;0 0 24 24&#34; stroke-width=&#34;2&#34; stroke=&#34;currentColor&#34; aria-hidden=&#34;true&#34;&gt;&lt;path stroke-linecap=&#34;round&#34; stroke-linejoin=&#34;round&#34; d=&#34;M9 12h6m-6 4h6m2 5H7a2 2 0 01-2-2V5a2 2 0 012-2h5.586a1 1 0 01.707.293l5.414 5.414a1 1 0 01.293.707V19a2 2 0 01-2 2z&#34;/&gt;&lt;/svg&gt;Memahami File Inclusion&lt;/span&gt;&lt;/a&gt;
&lt;a
  class=&#34;hextra-card hx-group hx-flex hx-flex-col hx-justify-start hx-overflow-hidden hx-rounded-lg hx-border hx-border-gray-200 hx-text-current hx-no-underline dark:hx-shadow-none hover:hx-shadow-gray-100 dark:hover:hx-shadow-none hx-shadow-gray-100 active:hx-shadow-sm active:hx-shadow-gray-200 hx-transition-all hx-duration-200 hover:hx-border-gray-300 hx-bg-transparent hx-shadow-sm dark:hx-border-neutral-800 hover:hx-bg-slate-50 hover:hx-shadow-md dark:hover:hx-border-neutral-700 dark:hover:hx-bg-neutral-900&#34;href=&#34;./instalasi-lab-dvwa/&#34;
    &gt;&lt;span class=&#34;hextra-card-icon hx-flex hx-font-semibold hx-items-start hx-gap-2 hx-p-4 hx-text-gray-700 hover:hx-text-gray-900 dark:hx-text-neutral-200 dark:hover:hx-text-neutral-50&#34;&gt;&lt;svg xmlns=&#34;http://www.w3.org/2000/svg&#34; fill=&#34;none&#34; viewBox=&#34;0 0 24 24&#34; stroke-width=&#34;2&#34; stroke=&#34;currentColor&#34; aria-hidden=&#34;true&#34;&gt;&lt;path stroke-linecap=&#34;round&#34; stroke-linejoin=&#34;round&#34; d=&#34;M9 12h6m-6 4h6m2 5H7a2 2 0 01-2-2V5a2 2 0 012-2h5.586a1 1 0 01.707.293l5.414 5.414a1 1 0 01.293.707V19a2 2 0 01-2 2z&#34;/&gt;&lt;/svg&gt;Instalasi Lab DVWA&lt;/span&gt;&lt;/a&gt;
&lt;a
  class=&#34;hextra-card hx-group hx-flex hx-flex-col hx-justify-start hx-overflow-hidden hx-rounded-lg hx-border hx-border-gray-200 hx-text-current hx-no-underline dark:hx-shadow-none hover:hx-shadow-gray-100 dark:hover:hx-shadow-none hx-shadow-gray-100 active:hx-shadow-sm active:hx-shadow-gray-200 hx-transition-all hx-duration-200 hover:hx-border-gray-300 hx-bg-transparent hx-shadow-sm dark:hx-border-neutral-800 hover:hx-bg-slate-50 hover:hx-shadow-md dark:hover:hx-border-neutral-700 dark:hover:hx-bg-neutral-900&#34;href=&#34;./memahami-csrf/&#34;
    &gt;&lt;span class=&#34;hextra-card-icon hx-flex hx-font-semibold hx-items-start hx-gap-2 hx-p-4 hx-text-gray-700 hover:hx-text-gray-900 dark:hx-text-neutral-200 dark:hover:hx-text-neutral-50&#34;&gt;&lt;svg xmlns=&#34;http://www.w3.org/2000/svg&#34; fill=&#34;none&#34; viewBox=&#34;0 0 24 24&#34; stroke-width=&#34;2&#34; stroke=&#34;currentColor&#34; aria-hidden=&#34;true&#34;&gt;&lt;path stroke-linecap=&#34;round&#34; stroke-linejoin=&#34;round&#34; d=&#34;M9 12h6m-6 4h6m2 5H7a2 2 0 01-2-2V5a2 2 0 012-2h5.586a1 1 0 01.707.293l5.414 5.414a1 1 0 01.293.707V19a2 2 0 01-2 2z&#34;/&gt;&lt;/svg&gt;Memahami CSRF&lt;/span&gt;&lt;/a&gt;
&lt;a
  class=&#34;hextra-card hx-group hx-flex hx-flex-col hx-justify-start hx-overflow-hidden hx-rounded-lg hx-border hx-border-gray-200 hx-text-current hx-no-underline dark:hx-shadow-none hover:hx-shadow-gray-100 dark:hover:hx-shadow-none hx-shadow-gray-100 active:hx-shadow-sm active:hx-shadow-gray-200 hx-transition-all hx-duration-200 hover:hx-border-gray-300 hx-bg-transparent hx-shadow-sm dark:hx-border-neutral-800 hover:hx-bg-slate-50 hover:hx-shadow-md dark:hover:hx-border-neutral-700 dark:hover:hx-bg-neutral-900&#34;href=&#34;./web-penetration-testing/&#34;
    &gt;&lt;span class=&#34;hextra-card-icon hx-flex hx-font-semibold hx-items-start hx-gap-2 hx-p-4 hx-text-gray-700 hover:hx-text-gray-900 dark:hx-text-neutral-200 dark:hover:hx-text-neutral-50&#34;&gt;&lt;svg xmlns=&#34;http://www.w3.org/2000/svg&#34; fill=&#34;none&#34; viewBox=&#34;0 0 24 24&#34; stroke-width=&#34;2&#34; stroke=&#34;currentColor&#34; aria-hidden=&#34;true&#34;&gt;&lt;path stroke-linecap=&#34;round&#34; stroke-linejoin=&#34;round&#34; d=&#34;M9 12h6m-6 4h6m2 5H7a2 2 0 01-2-2V5a2 2 0 012-2h5.586a1 1 0 01.707.293l5.414 5.414a1 1 0 01.293.707V19a2 2 0 01-2 2z&#34;/&gt;&lt;/svg&gt;Web Penetration Testing&lt;/span&gt;&lt;/a&gt;
&lt;/div&gt;


      </description>
    </item>
    
  </channel>
</rss>
